policy_id,program_id,insured_name,line_of_business,region,state_province,inception_date,expiry_date,peril,sum_insured_usd,written_premium_usd,limit_usd,retention_usd,currency,uw_year,exposure_metric
POL000001,PRG0003,Insured C00001,Property,UK,CA,2025-01-24,2026-01-24,Severe Convective Storm,2519545,74112,1654544,205705,USD,2025,TIV
POL000002,PRG0014,Insured C00002,Specialty,APAC,NA,2025-01-12,2026-01-12,Wildfire,17442576,199782,9292547,349939,USD,2025,Premium
POL000003,PRG0005,Insured C00003,Property Cat,Canada,FL,2025-01-24,2026-01-24,Severe Convective Storm,8518535,90904,4089174,144169,USD,2025,Premium
POL000004,PRG0024,Insured C00004,Specialty,US,FL,2025-01-24,2026-01-24,Earthquake,19642393,207174,5459660,475452,USD,2025,Premium
POL000005,PRG0025,Insured C00005,Casualty,US,NA,2025-01-14,2026-01-14,Flood,7046273,178371,3047421,196861,USD,2025,TIV
POL000006,PRG0022,Insured C00006,Property Cat,UK,FL,2025-01-07,2026-01-07,Flood,3740360,92527,1777978,174684,USD,2025,TIV
POL000007,PRG0012,Insured C00007,Property,APAC,CA,2025-01-21,2026-01-21,Wildfire,13668707,263613,7319925,486584,USD,2025,TIV
POL000008,PRG0026,Insured C00008,Property,US,IL,2025-01-07,2026-01-07,Severe Convective Storm,5750833,73341,2163212,236720,USD,2025,Premium
POL000009,PRG0026,Insured C00009,Property,US,FL,2025-01-21,2026-01-21,Flood,8975185,73247,5685022,485644,USD,2025,TIV
POL000010,PRG0025,Insured C00010,Property,US,CA,2025-01-05,2026-01-05,Wildfire,8552879,180694,3567299,144539,USD,2025,Limit
POL000011,PRG0010,Insured C00011,Property,LATAM,CA,2025-01-29,2026-01-29,Earthquake,9024070,209406,4237855,265582,USD,2025,Limit
POL000012,PRG0004,Insured C00012,Property Cat,EU,NY,2025-01-15,2026-01-15,Earthquake,7460233,198134,4887286,568565,USD,2025,Premium
POL000013,PRG0004,Insured C00013,Property,US,CA,2025-01-19,2026-01-19,Hurricane,14309218,255502,5693877,269564,USD,2025,Premium
POL000014,PRG0021,Insured C00014,Specialty,US,NA,2025-01-06,2026-01-06,Wildfire,19945975,130592,15460834,1358642,USD,2025,TIV
POL000015,PRG0008,Insured C00015,Property,EU,NY,2025-01-16,2026-01-16,Severe Convective Storm,2179879,27046,869644,80425,USD,2025,TIV
POL000016,PRG0010,Insured C00016,Casualty,EU,NA,2025-01-26,2026-01-26,Hurricane,3142945,69565,1158930,126474,USD,2025,Premium
POL000017,PRG0009,Insured C00017,Specialty,US,TX,2025-01-04,2026-01-04,Hurricane,6717565,100106,4688013,595331,USD,2025,Limit
POL000018,PRG0017,Insured C00018,Property,LATAM,NA,2025-01-10,2026-01-10,Earthquake,17145991,121356,7905300,1178562,USD,2025,Premium
POL000019,PRG0022,Insured C00019,Casualty,US,NA,2025-01-28,2026-01-28,Wildfire,14302189,312930,6066912,250781,USD,2025,TIV
POL000020,PRG0001,Insured C00020,Property Cat,APAC,FL,2025-01-30,2026-01-30,Hurricane,10394650,107090,5817154,785010,USD,2025,TIV
POL000021,PRG0026,Insured C00021,Specialty,US,CA,2025-01-25,2026-01-25,Wildfire,15720510,180970,4387489,488411,USD,2025,TIV
POL000022,PRG0025,Insured C00022,Property,APAC,NA,2025-01-22,2026-01-22,Hurricane,24968840,592650,6957184,312032,USD,2025,TIV
POL000023,PRG0026,Insured C00023,Property,LATAM,WA,2025-01-10,2026-01-10,Flood,10604750,299005,2279127,220217,USD,2025,TIV
POL000024,PRG0019,Insured C00024,Property,EU,CA,2025-01-05,2026-01-05,Severe Convective Storm,6063650,153438,2913153,361730,USD,2025,TIV
POL000025,PRG0008,Insured C00025,Casualty,EU,NY,2025-01-26,2026-01-26,Hurricane,5129330,137598,2881987,229142,USD,2025,TIV
POL000026,PRG0003,Insured C00026,Casualty,US,CA,2025-01-21,2026-01-21,Wildfire,4284348,102414,2955949,126022,USD,2025,Premium
POL000027,PRG0010,Insured C00027,Casualty,US,CA,2025-01-05,2026-01-05,Earthquake,22348891,222880,8287685,401402,USD,2025,TIV
POL000028,PRG0019,Insured C00028,Property Cat,EU,NA,2025-01-02,2026-01-02,Hurricane,26979553,416756,10543465,954638,USD,2025,Limit
POL000029,PRG0014,Insured C00029,Property Cat,US,IL,2025-01-02,2026-01-02,Hurricane,42249417,675580,9698458,725771,USD,2025,TIV
POL000030,PRG0003,Insured C00030,Property Cat,US,NA,2025-01-26,2026-01-26,Severe Convective Storm,25200338,697133,19851375,2506099,USD,2025,Premium
POL000031,PRG0017,Insured C00031,Property Cat,EU,TX,2025-01-25,2026-01-25,Wildfire,38943046,666205,16786544,1791923,USD,2025,TIV
POL000032,PRG0012,Insured C00032,Property,US,TX,2025-01-15,2026-01-15,Hurricane,23950017,331944,10242906,1150167,USD,2025,Limit
POL000033,PRG0018,Insured C00033,Property,EU,WA,2025-01-29,2026-01-29,Earthquake,48426843,1049026,33057862,3105015,USD,2025,TIV
POL000034,PRG0005,Insured C00034,Property Cat,Canada,CA,2025-01-23,2026-01-23,Flood,12695208,263363,3263398,382097,USD,2025,Limit
POL000035,PRG0019,Insured C00035,Specialty,EU,WA,2025-01-05,2026-01-05,Flood,19984034,501254,15340069,926632,USD,2025,TIV
POL000036,PRG0014,Insured C00036,Property Cat,EU,IL,2025-01-20,2026-01-20,Wildfire,2000000,37086,1316708,165785,USD,2025,Premium
POL000037,PRG0004,Insured C00037,Property Cat,US,TX,2025-01-29,2026-01-29,Hurricane,16112444,258549,10708215,1183769,USD,2025,Limit
POL000038,PRG0022,Insured C00038,Property Cat,US,NY,2025-01-24,2026-01-24,Earthquake,10621588,101402,8090214,667834,USD,2025,Premium
POL000039,PRG0005,Insured C00039,Specialty,EU,CA,2025-01-18,2026-01-18,Flood,12110192,359420,7637367,1100875,USD,2025,Limit
POL000040,PRG0023,Insured C00040,Property Cat,UK,NY,2025-01-20,2026-01-20,Wildfire,13081656,221127,9094887,595197,USD,2025,TIV
POL000041,PRG0001,Insured C00041,Specialty,US,CA,2025-01-10,2026-01-10,Flood,2000000,54201,740690,96606,USD,2025,Limit
POL000042,PRG0001,Insured C00042,Property,Canada,FL,2025-01-21,2026-01-21,Hurricane,18337688,216015,5241152,645773,USD,2025,Limit
POL000043,PRG0008,Insured C00043,Property Cat,US,CA,2025-01-21,2026-01-21,Hurricane,2436246,61480,835953,110286,USD,2025,Limit
POL000044,PRG0026,Insured C00044,Casualty,APAC,WA,2025-01-29,2026-01-29,Flood,11354297,102167,5708016,681666,USD,2025,Limit
POL000045,PRG0012,Insured C00045,Casualty,US,WA,2025-01-05,2026-01-05,Hurricane,22823133,673851,12939031,472792,USD,2025,TIV
POL000046,PRG0006,Insured C00046,Casualty,US,WA,2025-01-28,2026-01-28,Hurricane,7828621,231106,3719662,461571,USD,2025,Premium
POL000047,PRG0012,Insured C00047,Specialty,EU,IL,2025-01-05,2026-01-05,Earthquake,28182031,608213,21541122,1029938,USD,2025,TIV
POL000048,PRG0024,Insured C00048,Property Cat,US,NY,2025-01-15,2026-01-15,Hurricane,28386076,461832,16083339,1707334,USD,2025,TIV
POL000049,PRG0022,Insured C00049,Property,US,WA,2025-01-07,2026-01-07,Earthquake,9491089,164947,3182891,314135,USD,2025,Premium
POL000050,PRG0015,Insured C00050,Property,APAC,IL,2025-01-21,2026-01-21,Earthquake,28106134,459648,16178101,1185513,USD,2025,Premium
POL000051,PRG0015,Insured C00051,Specialty,EU,CA,2025-01-28,2026-01-28,Wildfire,6432226,87136,4518185,403460,USD,2025,TIV
POL000052,PRG0023,Insured C00052,Property Cat,US,NA,2025-01-27,2026-01-27,Earthquake,9374265,126866,6052171,192228,USD,2025,Limit
POL000053,PRG0011,Insured C00053,Property Cat,US,TX,2025-01-12,2026-01-12,Wildfire,2000000,58004,1594557,195576,USD,2025,Premium
POL000054,PRG0004,Insured C00054,Property Cat,US,NA,2025-01-22,2026-01-22,Wildfire,22590998,420240,6737783,336274,USD,2025,Limit
POL000055,PRG0025,Insured C00055,Casualty,US,NY,2025-01-18,2026-01-18,Severe Convective Storm,36890857,568921,9150023,1103855,USD,2025,TIV
POL000056,PRG0024,Insured C00056,Property Cat,US,IL,2025-01-05,2026-01-05,Severe Convective Storm,3429105,44610,1694384,170071,USD,2025,TIV
POL000057,PRG0007,Insured C00057,Casualty,UK,IL,2025-01-08,2026-01-08,Wildfire,9798257,238192,2301268,170277,USD,2025,TIV
POL000058,PRG0025,Insured C00058,Property,Canada,TX,2025-01-27,2026-01-27,Flood,11192358,311474,6181252,816128,USD,2025,TIV
POL000059,PRG0023,Insured C00059,Property Cat,Canada,CA,2025-01-17,2026-01-17,Earthquake,12501145,128263,5041879,267181,USD,2025,Limit
POL000060,PRG0018,Insured C00060,Property Cat,US,WA,2025-01-14,2026-01-14,Wildfire,14798640,338486,8587086,1269314,USD,2025,TIV
POL000061,PRG0026,Insured C00061,Specialty,LATAM,NY,2025-01-24,2026-01-24,Flood,9486630,254272,2546804,300241,USD,2025,Premium
POL000062,PRG0025,Insured C00062,Specialty,US,CA,2025-01-21,2026-01-21,Severe Convective Storm,51518745,1236429,21014275,942792,USD,2025,Premium
POL000063,PRG0026,Insured C00063,Specialty,LATAM,NA,2025-01-16,2026-01-16,Wildfire,18123962,453975,4547149,439506,USD,2025,Limit
POL000064,PRG0012,Insured C00064,Property Cat,US,NA,2025-01-26,2026-01-26,Earthquake,5245970,116499,3294232,404684,USD,2025,Premium
POL000065,PRG0011,Insured C00065,Property Cat,UK,CA,2025-01-25,2026-01-25,Hurricane,8434957,51520,4291517,477536,USD,2025,TIV
POL000066,PRG0019,Insured C00066,Property,Canada,NY,2025-01-28,2026-01-28,Hurricane,43538963,1152923,16517210,1665569,USD,2025,TIV
POL000067,PRG0015,Insured C00067,Property Cat,US,NY,2025-01-28,2026-01-28,Hurricane,3630542,92137,2901696,190245,USD,2025,TIV
POL000068,PRG0004,Insured C00068,Specialty,EU,TX,2025-01-18,2026-01-18,Flood,13686626,382776,6817992,314473,USD,2025,TIV
POL000069,PRG0010,Insured C00069,Property Cat,UK,IL,2025-01-07,2026-01-07,Wildfire,31655810,509315,24549890,2951770,USD,2025,TIV
POL000070,PRG0010,Insured C00070,Property Cat,Canada,TX,2025-01-28,2026-01-28,Earthquake,7898964,188118,4379556,474799,USD,2025,TIV
POL000071,PRG0008,Insured C00071,Property Cat,US,IL,2025-01-10,2026-01-10,Severe Convective Storm,16794602,419989,11257328,929926,USD,2025,Limit
POL000072,PRG0016,Insured C00072,Casualty,APAC,NA,2025-01-21,2026-01-21,Severe Convective Storm,8179443,159434,2135951,231431,USD,2025,TIV
POL000073,PRG0025,Insured C00073,Property Cat,US,IL,2025-01-14,2026-01-14,Severe Convective Storm,6417146,76399,1535740,129945,USD,2025,TIV
POL000074,PRG0002,Insured C00074,Property Cat,US,NY,2025-01-02,2026-01-02,Earthquake,5496654,60290,2095560,161976,USD,2025,TIV
POL000075,PRG0008,Insured C00075,Casualty,EU,NA,2025-01-04,2026-01-04,Hurricane,4536672,63487,2081408,257407,USD,2025,TIV
POL000076,PRG0006,Insured C00076,Property Cat,UK,NY,2025-01-10,2026-01-10,Wildfire,38623069,538315,29285199,1049239,USD,2025,Premium
POL000077,PRG0005,Insured C00077,Property Cat,Canada,WA,2025-01-05,2026-01-05,Hurricane,13618128,143259,2979239,128928,USD,2025,TIV
POL000078,PRG0003,Insured C00078,Property,US,NA,2025-01-18,2026-01-18,Flood,25268971,527081,7521210,923247,USD,2025,TIV
POL000079,PRG0007,Insured C00079,Property,LATAM,WA,2025-01-29,2026-01-29,Wildfire,29777277,759791,11644090,1466056,USD,2025,TIV
POL000080,PRG0014,Insured C00080,Property Cat,US,NA,2025-01-13,2026-01-13,Hurricane,2880655,18599,862158,100891,USD,2025,Premium
POL000081,PRG0022,Insured C00081,Casualty,US,NA,2025-01-10,2026-01-10,Wildfire,14113679,319453,4287260,389605,USD,2025,TIV
POL000082,PRG0025,Insured C00082,Specialty,US,TX,2025-01-01,2026-01-01,Wildfire,14642620,397241,7639351,799191,USD,2025,TIV
POL000083,PRG0012,Insured C00083,Property Cat,APAC,TX,2025-01-19,2026-01-19,Flood,10878179,220795,3685182,497008,USD,2025,Premium
POL000084,PRG0005,Insured C00084,Property Cat,APAC,IL,2025-01-18,2026-01-18,Flood,28930325,700175,22856410,1835659,USD,2025,TIV
POL000085,PRG0001,Insured C00085,Property,US,NA,2025-01-25,2026-01-25,Earthquake,15395402,238323,9384251,449739,USD,2025,TIV
POL000086,PRG0018,Insured C00086,Casualty,US,IL,2025-01-07,2026-01-07,Severe Convective Storm,2206887,52091,1604450,121114,USD,2025,Premium
POL000087,PRG0017,Insured C00087,Casualty,US,FL,2025-01-23,2026-01-23,Wildfire,8855701,237100,6011767,252395,USD,2025,Premium
POL000088,PRG0012,Insured C00088,Specialty,UK,WA,2025-01-01,2026-01-01,Earthquake,11136942,172300,4359884,449281,USD,2025,TIV
POL000089,PRG0001,Insured C00089,Specialty,US,NA,2025-01-19,2026-01-19,Wildfire,12302163,190173,3428184,169847,USD,2025,TIV
POL000090,PRG0001,Insured C00090,Property Cat,APAC,IL,2025-01-30,2026-01-30,Hurricane,12833917,162666,4122932,215596,USD,2025,TIV
POL000091,PRG0012,Insured C00091,Property Cat,LATAM,TX,2025-01-09,2026-01-09,Wildfire,12620324,225804,3362246,202717,USD,2025,Premium
POL000092,PRG0008,Insured C00092,Specialty,LATAM,IL,2025-01-28,2026-01-28,Severe Convective Storm,4698904,36293,1328268,88377,USD,2025,TIV
POL000093,PRG0022,Insured C00093,Property,US,NA,2025-01-27,2026-01-27,Wildfire,12376153,121874,8801424,881087,USD,2025,TIV
POL000094,PRG0023,Insured C00094,Property,APAC,CA,2025-01-12,2026-01-12,Flood,42756769,1222712,11646653,1601818,USD,2025,TIV
POL000095,PRG0005,Insured C00095,Property Cat,EU,TX,2025-01-27,2026-01-27,Earthquake,7294878,168116,5185205,699738,USD,2025,TIV
POL000096,PRG0019,Insured C00096,Property Cat,LATAM,IL,2025-01-08,2026-01-08,Hurricane,13200930,325490,6740354,599035,USD,2025,TIV
POL000097,PRG0022,Insured C00097,Property Cat,LATAM,FL,2025-01-14,2026-01-14,Hurricane,30482497,880241,9088238,877287,USD,2025,TIV
POL000098,PRG0023,Insured C00098,Property Cat,US,FL,2025-01-01,2026-01-01,Severe Convective Storm,17770148,304941,7823676,734066,USD,2025,Limit
POL000099,PRG0004,Insured C00099,Casualty,US,NA,2025-01-26,2026-01-26,Wildfire,17582957,249560,4045205,287567,USD,2025,Premium
POL000100,PRG0002,Insured C00100,Casualty,LATAM,TX,2025-01-24,2026-01-24,Hurricane,5381846,114828,1083824,161711,USD,2025,TIV
POL000101,PRG0011,Insured C00101,Property Cat,UK,NY,2025-01-15,2026-01-15,Hurricane,14345040,403446,5615995,657866,USD,2025,Premium
POL000102,PRG0018,Insured C00102,Property,US,NY,2025-01-19,2026-01-19,Severe Convective Storm,14418210,321154,10202391,355353,USD,2025,Limit
POL000103,PRG0020,Insured C00103,Specialty,UK,NY,2025-01-24,2026-01-24,Wildfire,24079265,692058,10108506,1199084,USD,2025,Premium
POL000104,PRG0004,Insured C00104,Property,US,CA,2025-01-23,2026-01-23,Severe Convective Storm,11444171,162698,5091443,421602,USD,2025,TIV
POL000105,PRG0009,Insured C00105,Property,US,FL,2025-01-21,2026-01-21,Flood,4468515,48025,2980011,397163,USD,2025,Premium
POL000106,PRG0005,Insured C00106,Property Cat,US,NA,2025-01-05,2026-01-05,Hurricane,15749473,438588,5063667,481298,USD,2025,Limit
POL000107,PRG0016,Insured C00107,Property Cat,US,NY,2025-01-19,2026-01-19,Wildfire,31031852,483855,18968425,621923,USD,2025,Limit
POL000108,PRG0026,Insured C00108,Property,Canada,TX,2025-01-19,2026-01-19,Severe Convective Storm,5590524,106606,2761129,292305,USD,2025,TIV
POL000109,PRG0011,Insured C00109,Specialty,LATAM,NY,2025-01-29,2026-01-29,Flood,4443766,108214,2922016,256181,USD,2025,TIV
POL000110,PRG0016,Insured C00110,Property Cat,EU,FL,2025-01-20,2026-01-20,Earthquake,10611714,119408,7318195,975284,USD,2025,TIV
POL000111,PRG0002,Insured C00111,Casualty,US,FL,2025-01-11,2026-01-11,Flood,10251234,89974,4449420,666670,USD,2025,TIV
POL000112,PRG0001,Insured C00112,Property,LATAM,NA,2025-01-14,2026-01-14,Severe Convective Storm,14583760,135803,9835912,614507,USD,2025,Premium
POL000113,PRG0012,Insured C00113,Casualty,EU,NA,2025-01-04,2026-01-04,Hurricane,7448670,134213,4556334,493553,USD,2025,Limit
POL000114,PRG0001,Insured C00114,Property Cat,LATAM,NA,2025-01-17,2026-01-17,Flood,32410247,553210,14742324,533234,USD,2025,TIV
POL000115,PRG0009,Insured C00115,Casualty,US,NA,2025-01-25,2026-01-25,Flood,23501935,563381,16000908,1423295,USD,2025,TIV
POL000116,PRG0015,Insured C00116,Property Cat,EU,NA,2025-01-28,2026-01-28,Hurricane,5441228,39543,1089939,89765,USD,2025,TIV
POL000117,PRG0009,Insured C00117,Casualty,US,CA,2025-01-21,2026-01-21,Hurricane,2241053,57718,1172888,150486,USD,2025,TIV
POL000118,PRG0015,Insured C00118,Property Cat,EU,FL,2025-01-23,2026-01-23,Flood,12036499,206453,5064268,285131,USD,2025,Premium
POL000119,PRG0026,Insured C00119,Property Cat,US,NA,2025-01-04,2026-01-04,Hurricane,27359476,425827,21729801,1009682,USD,2025,TIV
POL000120,PRG0024,Insured C00120,Casualty,Canada,NA,2025-01-13,2026-01-13,Severe Convective Storm,3860355,43618,2291678,148248,USD,2025,Premium
POL000121,PRG0020,Insured C00121,Casualty,US,NY,2025-01-18,2026-01-18,Flood,8971384,183351,4411366,270073,USD,2025,Premium
POL000122,PRG0003,Insured C00122,Property,US,CA,2025-01-26,2026-01-26,Earthquake,16758141,227139,9023540,1003402,USD,2025,TIV
POL000123,PRG0001,Insured C00123,Casualty,US,CA,2025-01-07,2026-01-07,Wildfire,10720055,185231,5206249,740667,USD,2025,TIV
POL000124,PRG0013,Insured C00124,Property Cat,US,FL,2025-01-19,2026-01-19,Flood,5146319,56442,2334578,119382,USD,2025,Limit
POL000125,PRG0005,Insured C00125,Property Cat,US,NA,2025-01-10,2026-01-10,Hurricane,15224645,314413,4921125,672244,USD,2025,TIV
POL000126,PRG0020,Insured C00126,Property Cat,US,NA,2025-01-04,2026-01-04,Wildfire,34635223,834796,23963602,2231664,USD,2025,TIV
POL000127,PRG0006,Insured C00127,Property Cat,EU,IL,2025-01-13,2026-01-13,Severe Convective Storm,18875350,190418,14858307,1334821,USD,2025,Limit
POL000128,PRG0025,Insured C00128,Property Cat,US,WA,2025-01-12,2026-01-12,Wildfire,18941140,201476,4962012,664598,USD,2025,TIV
POL000129,PRG0018,Insured C00129,Property,LATAM,WA,2025-01-13,2026-01-13,Wildfire,2825680,43503,1123370,94504,USD,2025,TIV
POL000130,PRG0008,Insured C00130,Property,US,NY,2025-01-21,2026-01-21,Earthquake,11635677,96242,3486486,407129,USD,2025,TIV
POL000131,PRG0021,Insured C00131,Casualty,APAC,NA,2025-01-18,2026-01-18,Earthquake,20380363,414485,12256110,445008,USD,2025,TIV
POL000132,PRG0003,Insured C00132,Property,US,NA,2025-01-29,2026-01-29,Hurricane,43858252,855412,9469850,1128950,USD,2025,TIV
POL000133,PRG0006,Insured C00133,Property Cat,US,FL,2025-01-15,2026-01-15,Flood,11779016,176136,6349440,396465,USD,2025,Premium
POL000134,PRG0004,Insured C00134,Property,LATAM,NY,2025-01-16,2026-01-16,Severe Convective Storm,7069382,74247,3934561,532651,USD,2025,TIV
POL000135,PRG0011,Insured C00135,Property,LATAM,CA,2025-01-26,2026-01-26,Wildfire,5407418,87597,2281879,182811,USD,2025,Premium
POL000136,PRG0006,Insured C00136,Property Cat,Canada,FL,2025-01-26,2026-01-26,Earthquake,10201686,188639,4878502,550369,USD,2025,Premium
POL000137,PRG0003,Insured C00137,Property,EU,TX,2025-01-12,2026-01-12,Hurricane,15168997,169040,4304570,226493,USD,2025,TIV
POL000138,PRG0014,Insured C00138,Property,LATAM,NY,2025-01-30,2026-01-30,Flood,17457142,377773,12618816,1338958,USD,2025,TIV
POL000139,PRG0010,Insured C00139,Property,LATAM,CA,2025-01-02,2026-01-02,Severe Convective Storm,15586130,357532,5939233,821744,USD,2025,Limit
POL000140,PRG0020,Insured C00140,Property Cat,APAC,NY,2025-01-26,2026-01-26,Hurricane,17424003,328225,13058365,1280944,USD,2025,TIV
POL000141,PRG0026,Insured C00141,Specialty,US,NA,2025-01-02,2026-01-02,Earthquake,16223566,472835,4162506,558093,USD,2025,Limit
POL000142,PRG0004,Insured C00142,Casualty,US,NA,2025-01-31,2026-01-31,Severe Convective Storm,16063253,306747,8450834,1165121,USD,2025,Premium
POL000143,PRG0020,Insured C00143,Property,US,NY,2025-01-15,2026-01-15,Earthquake,12939091,105506,3188989,394109,USD,2025,Limit
POL000144,PRG0022,Insured C00144,Property Cat,US,NA,2025-01-19,2026-01-19,Hurricane,53237375,598861,27121962,3860573,USD,2025,TIV
POL000145,PRG0015,Insured C00145,Property Cat,US,FL,2025-01-02,2026-01-02,Hurricane,20918692,583605,10926488,1148578,USD,2025,Limit
POL000146,PRG0023,Insured C00146,Casualty,US,NY,2025-01-20,2026-01-20,Severe Convective Storm,6068913,69320,2808116,402917,USD,2025,Premium
POL000147,PRG0004,Insured C00147,Property Cat,UK,FL,2025-01-17,2026-01-17,Earthquake,5787797,95118,1951572,227609,USD,2025,Limit
POL000148,PRG0020,Insured C00148,Property Cat,EU,IL,2025-01-06,2026-01-06,Wildfire,11225047,184988,8945115,790333,USD,2025,TIV
POL000149,PRG0026,Insured C00149,Property,UK,IL,2025-01-03,2026-01-03,Hurricane,15133925,447257,7285518,1002564,USD,2025,TIV
POL000150,PRG0021,Insured C00150,Property,EU,NA,2025-01-26,2026-01-26,Flood,10952182,290774,6337362,454520,USD,2025,Premium
POL000151,PRG0025,Insured C00151,Property Cat,APAC,NA,2025-01-30,2026-01-30,Earthquake,12392752,293432,5896790,329391,USD,2025,TIV
POL000152,PRG0011,Insured C00152,Property,Canada,FL,2025-01-07,2026-01-07,Flood,10534625,91202,8149880,395519,USD,2025,TIV
POL000153,PRG0009,Insured C00153,Casualty,UK,TX,2025-01-17,2026-01-17,Flood,6279671,91585,3058469,145861,USD,2025,TIV
POL000154,PRG0010,Insured C00154,Property,US,NY,2025-01-04,2026-01-04,Flood,4961537,122912,3219016,411418,USD,2025,Limit
POL000155,PRG0008,Insured C00155,Property Cat,EU,TX,2025-01-08,2026-01-08,Hurricane,17883566,210708,11643425,787812,USD,2025,TIV
POL000156,PRG0001,Insured C00156,Property Cat,US,NA,2025-01-14,2026-01-14,Earthquake,14198547,402104,7081655,758868,USD,2025,Limit
POL000157,PRG0013,Insured C00157,Casualty,APAC,IL,2025-01-20,2026-01-20,Severe Convective Storm,28446066,226080,5958976,520004,USD,2025,TIV
POL000158,PRG0012,Insured C00158,Property,US,NA,2025-01-18,2026-01-18,Flood,5569829,139424,3947349,589650,USD,2025,Limit
POL000159,PRG0005,Insured C00159,Property,EU,FL,2025-01-10,2026-01-10,Earthquake,9930189,141717,5304717,347755,USD,2025,TIV
POL000160,PRG0020,Insured C00160,Specialty,APAC,TX,2025-01-02,2026-01-02,Earthquake,7258765,76987,2215936,282395,USD,2025,Limit
POL000161,PRG0021,Insured C00161,Property,US,NY,2025-01-05,2026-01-05,Flood,7221452,210494,2590757,211392,USD,2025,TIV
POL000162,PRG0021,Insured C00162,Casualty,APAC,CA,2025-01-25,2026-01-25,Earthquake,4371014,26677,2372151,354136,USD,2025,TIV
POL000163,PRG0024,Insured C00163,Casualty,US,NY,2025-01-17,2026-01-17,Hurricane,3281090,48944,1027971,54954,USD,2025,TIV
POL000164,PRG0020,Insured C00164,Property,LATAM,NA,2025-01-27,2026-01-27,Flood,17234917,270252,12995268,773284,USD,2025,Premium
POL000165,PRG0026,Insured C00165,Property,US,NA,2025-01-04,2026-01-04,Hurricane,35566476,460454,24101134,3347950,USD,2025,TIV
POL000166,PRG0016,Insured C00166,Property Cat,LATAM,CA,2025-01-09,2026-01-09,Hurricane,18368002,209258,13004593,1013102,USD,2025,TIV
POL000167,PRG0021,Insured C00167,Casualty,Canada,NA,2025-01-20,2026-01-20,Hurricane,29682227,782457,9990939,360316,USD,2025,TIV
POL000168,PRG0003,Insured C00168,Casualty,APAC,IL,2025-01-20,2026-01-20,Hurricane,28574616,670960,13279585,1795418,USD,2025,Premium
POL000169,PRG0002,Insured C00169,Casualty,US,NY,2025-01-26,2026-01-26,Earthquake,3637228,65721,1830130,182861,USD,2025,Premium
POL000170,PRG0025,Insured C00170,Property Cat,UK,NA,2025-01-29,2026-01-29,Flood,9931877,104530,6725264,977013,USD,2025,Limit
POL000171,PRG0005,Insured C00171,Property Cat,EU,TX,2025-01-31,2026-01-31,Wildfire,31125218,256826,13926199,1880937,USD,2025,Premium
POL000172,PRG0016,Insured C00172,Specialty,US,NA,2025-01-12,2026-01-12,Severe Convective Storm,10003861,140899,5640353,614898,USD,2025,TIV
POL000173,PRG0012,Insured C00173,Casualty,EU,NY,2025-01-07,2026-01-07,Wildfire,7194407,103301,5173211,174374,USD,2025,Limit
POL000174,PRG0023,Insured C00174,Casualty,Canada,FL,2025-01-02,2026-01-02,Earthquake,7841300,87682,4067875,502433,USD,2025,TIV
POL000175,PRG0011,Insured C00175,Specialty,UK,NA,2025-01-01,2026-01-01,Flood,2000000,37517,971360,81539,USD,2025,TIV
POL000176,PRG0001,Insured C00176,Casualty,EU,TX,2025-01-28,2026-01-28,Earthquake,10961311,321564,8130394,1143358,USD,2025,TIV
POL000177,PRG0008,Insured C00177,Property Cat,US,WA,2025-01-07,2026-01-07,Hurricane,55883189,434625,15620762,2019304,USD,2025,Premium
POL000178,PRG0001,Insured C00178,Casualty,EU,FL,2025-01-20,2026-01-20,Wildfire,3786051,63368,1543339,132909,USD,2025,Premium
POL000179,PRG0021,Insured C00179,Property Cat,Canada,NA,2025-01-09,2026-01-09,Hurricane,4201594,94389,2999290,117960,USD,2025,TIV
POL000180,PRG0020,Insured C00180,Property,US,WA,2025-01-07,2026-01-07,Severe Convective Storm,7632348,98884,4064770,425270,USD,2025,Premium
POL000181,PRG0025,Insured C00181,Property,UK,FL,2025-01-05,2026-01-05,Flood,5150958,86145,2294345,92703,USD,2025,TIV
POL000182,PRG0022,Insured C00182,Property Cat,EU,NA,2025-01-24,2026-01-24,Flood,12711673,220437,6349691,662693,USD,2025,TIV
POL000183,PRG0025,Insured C00183,Property,US,NY,2025-01-17,2026-01-17,Flood,12952099,227415,9753073,870176,USD,2025,Limit
POL000184,PRG0014,Insured C00184,Property Cat,US,CA,2025-01-14,2026-01-14,Hurricane,11924356,195162,7888504,930969,USD,2025,Premium
POL000185,PRG0026,Insured C00185,Specialty,UK,FL,2025-01-05,2026-01-05,Hurricane,17096441,365820,7648181,926631,USD,2025,Limit
POL000186,PRG0025,Insured C00186,Casualty,LATAM,WA,2025-01-16,2026-01-16,Flood,2474008,31878,866545,53331,USD,2025,Limit
POL000187,PRG0001,Insured C00187,Property,Canada,TX,2025-01-31,2026-01-31,Wildfire,22204514,241866,11482510,1492042,USD,2025,TIV
POL000188,PRG0007,Insured C00188,Specialty,APAC,IL,2025-01-31,2026-01-31,Severe Convective Storm,12563989,172131,6638431,645874,USD,2025,Premium
POL000189,PRG0011,Insured C00189,Casualty,US,FL,2025-01-13,2026-01-13,Earthquake,12105925,127464,8598990,718479,USD,2025,Premium
POL000190,PRG0026,Insured C00190,Property Cat,US,WA,2025-01-18,2026-01-18,Earthquake,14438991,181942,3450457,126259,USD,2025,TIV
POL000191,PRG0001,Insured C00191,Property Cat,EU,CA,2025-01-27,2026-01-27,Wildfire,5039052,38917,3434877,471149,USD,2025,TIV
POL000192,PRG0016,Insured C00192,Property,US,IL,2025-01-29,2026-01-29,Hurricane,7655783,179111,4284605,618602,USD,2025,TIV
POL000193,PRG0024,Insured C00193,Property Cat,US,NA,2025-01-15,2026-01-15,Hurricane,37434462,863756,7901017,653425,USD,2025,Premium
POL000194,PRG0017,Insured C00194,Casualty,US,FL,2025-01-25,2026-01-25,Flood,6413228,131354,2227568,78201,USD,2025,TIV
POL000195,PRG0005,Insured C00195,Property Cat,LATAM,NA,2025-01-13,2026-01-13,Flood,28274215,800435,5957845,840029,USD,2025,TIV
POL000196,PRG0023,Insured C00196,Specialty,LATAM,WA,2025-01-24,2026-01-24,Severe Convective Storm,18043097,142102,12808317,1327702,USD,2025,TIV
POL000197,PRG0017,Insured C00197,Property Cat,US,TX,2025-01-18,2026-01-18,Flood,27287568,719722,13193026,1202935,USD,2025,Limit
POL000198,PRG0004,Insured C00198,Property Cat,US,NA,2025-01-23,2026-01-23,Hurricane,8688783,248687,5565059,310693,USD,2025,TIV
POL000199,PRG0006,Insured C00199,Property Cat,LATAM,CA,2025-01-27,2026-01-27,Wildfire,12945757,292965,10258057,493123,USD,2025,Premium
POL000200,PRG0023,Insured C00200,Property Cat,APAC,NA,2025-01-11,2026-01-11,Wildfire,14602656,205037,10330205,954600,USD,2025,TIV
POL000201,PRG0021,Insured C00201,Property,Canada,CA,2025-01-30,2026-01-30,Hurricane,7188730,67569,2096335,235846,USD,2025,TIV
POL000202,PRG0012,Insured C00202,Property,EU,NA,2025-01-05,2026-01-05,Earthquake,9389094,63555,5338936,399598,USD,2025,TIV
POL000203,PRG0011,Insured C00203,Property Cat,US,CA,2025-01-01,2026-01-01,Wildfire,7664099,115483,3972032,402056,USD,2025,TIV
POL000204,PRG0020,Insured C00204,Property,APAC,TX,2025-01-11,2026-01-11,Hurricane,18562905,121298,10410516,1266556,USD,2025,Premium
POL000205,PRG0014,Insured C00205,Specialty,US,NA,2025-01-20,2026-01-20,Severe Convective Storm,7044199,134739,2029053,142752,USD,2025,TIV
POL000206,PRG0003,Insured C00206,Casualty,EU,NA,2025-01-15,2026-01-15,Earthquake,49732215,865193,13853047,501571,USD,2025,TIV
POL000207,PRG0021,Insured C00207,Property Cat,LATAM,NA,2025-01-16,2026-01-16,Earthquake,12141760,355841,4313984,390611,USD,2025,TIV
POL000208,PRG0004,Insured C00208,Casualty,EU,NY,2025-01-09,2026-01-09,Earthquake,34175326,358007,13015344,438986,USD,2025,TIV
POL000209,PRG0019,Insured C00209,Property Cat,US,TX,2025-01-22,2026-01-22,Flood,25103779,360807,15816662,1359934,USD,2025,Limit
POL000210,PRG0002,Insured C00210,Property Cat,US,NA,2025-01-18,2026-01-18,Severe Convective Storm,22162473,396052,6080559,356417,USD,2025,TIV
POL000211,PRG0008,Insured C00211,Specialty,UK,IL,2025-01-26,2026-01-26,Wildfire,5005766,149308,2026949,100420,USD,2025,TIV
POL000212,PRG0021,Insured C00212,Property,LATAM,TX,2025-01-06,2026-01-06,Hurricane,10258464,71290,2717976,159898,USD,2025,TIV
POL000213,PRG0010,Insured C00213,Property Cat,US,FL,2025-01-09,2026-01-09,Earthquake,2138490,29661,542831,17926,USD,2025,Premium
POL000214,PRG0016,Insured C00214,Specialty,EU,NA,2025-01-31,2026-01-31,Wildfire,7253115,178242,4778744,627509,USD,2025,TIV
POL000215,PRG0004,Insured C00215,Casualty,LATAM,NA,2025-01-24,2026-01-24,Earthquake,2824669,84351,1870085,77033,USD,2025,TIV
POL000216,PRG0018,Insured C00216,Casualty,Canada,NY,2025-01-24,2026-01-24,Wildfire,6336863,79984,2842124,99744,USD,2025,TIV
POL000217,PRG0026,Insured C00217,Property,US,NY,2025-01-13,2026-01-13,Severe Convective Storm,14253252,231234,5654046,510568,USD,2025,TIV
POL000218,PRG0010,Insured C00218,Property Cat,EU,NA,2025-01-16,2026-01-16,Earthquake,16822846,433590,5955843,871772,USD,2025,Limit
POL000219,PRG0016,Insured C00219,Property Cat,US,CA,2025-01-26,2026-01-26,Wildfire,15489811,310104,5546430,785107,USD,2025,Premium
POL000220,PRG0010,Insured C00220,Property Cat,APAC,CA,2025-01-23,2026-01-23,Wildfire,8965687,164016,3184023,348812,USD,2025,Limit
POL000221,PRG0007,Insured C00221,Property Cat,EU,NA,2025-01-28,2026-01-28,Earthquake,20633057,342998,6061472,257601,USD,2025,TIV
POL000222,PRG0009,Insured C00222,Property,US,TX,2025-01-28,2026-01-28,Severe Convective Storm,113866424,3223691,87505872,5929931,USD,2025,TIV
POL000223,PRG0020,Insured C00223,Property Cat,US,TX,2025-01-13,2026-01-13,Severe Convective Storm,17632249,134212,3936413,426894,USD,2025,Premium
POL000224,PRG0012,Insured C00224,Specialty,Canada,TX,2025-01-03,2026-01-03,Flood,10885835,148960,4583007,432914,USD,2025,TIV
POL000225,PRG0013,Insured C00225,Property Cat,US,IL,2025-01-12,2026-01-12,Earthquake,10388101,218636,4496929,321287,USD,2025,Premium
POL000226,PRG0001,Insured C00226,Property,EU,NA,2025-01-12,2026-01-12,Severe Convective Storm,8330984,208675,1959707,159700,USD,2025,Limit
POL000227,PRG0021,Insured C00227,Property Cat,US,WA,2025-01-15,2026-01-15,Wildfire,12108755,220188,7677663,1031289,USD,2025,Premium
POL000228,PRG0012,Insured C00228,Casualty,US,NY,2025-01-24,2026-01-24,Severe Convective Storm,13539940,151518,9697407,1045455,USD,2025,TIV
POL000229,PRG0024,Insured C00229,Casualty,US,NA,2025-01-11,2026-01-11,Hurricane,11630459,283097,3720316,242108,USD,2025,Premium
POL000230,PRG0016,Insured C00230,Property Cat,US,NA,2025-01-19,2026-01-19,Earthquake,3384387,23813,686741,80719,USD,2025,Premium
POL000231,PRG0006,Insured C00231,Property,US,NA,2025-01-15,2026-01-15,Wildfire,15650502,255848,8747077,1205123,USD,2025,TIV
POL000232,PRG0011,Insured C00232,Property Cat,US,CA,2025-01-12,2026-01-12,Earthquake,19524460,475182,9718753,1363633,USD,2025,TIV
POL000233,PRG0001,Insured C00233,Property Cat,LATAM,WA,2025-01-13,2026-01-13,Earthquake,4316461,46422,2348950,210841,USD,2025,TIV
POL000234,PRG0009,Insured C00234,Property Cat,UK,FL,2025-01-26,2026-01-26,Earthquake,20965899,311757,11335158,434100,USD,2025,TIV
POL000235,PRG0014,Insured C00235,Property Cat,US,CA,2025-01-23,2026-01-23,Flood,93964833,2448039,23806671,782067,USD,2025,Limit
POL000236,PRG0020,Insured C00236,Property,APAC,NA,2025-01-08,2026-01-08,Earthquake,56441889,1016849,44784108,2150333,USD,2025,TIV
POL000237,PRG0008,Insured C00237,Casualty,UK,NY,2025-01-15,2026-01-15,Flood,9528414,152890,4001444,370426,USD,2025,TIV
POL000238,PRG0019,Insured C00238,Property Cat,US,NA,2025-01-10,2026-01-10,Earthquake,2032623,41568,569687,64524,USD,2025,TIV
POL000239,PRG0012,Insured C00239,Property Cat,APAC,WA,2025-01-05,2026-01-05,Hurricane,109821394,777220,71256796,2752184,USD,2025,Premium
POL000240,PRG0022,Insured C00240,Property Cat,LATAM,WA,2025-01-12,2026-01-12,Wildfire,10420905,109917,2859032,276270,USD,2025,Premium
POL000241,PRG0018,Insured C00241,Casualty,US,NA,2025-01-24,2026-01-24,Flood,13530840,177766,5383532,763564,USD,2025,Limit
POL000242,PRG0013,Insured C00242,Property,US,CA,2025-01-13,2026-01-13,Wildfire,29383238,548387,7064452,1001565,USD,2025,TIV
POL000243,PRG0020,Insured C00243,Property Cat,APAC,NA,2025-01-24,2026-01-24,Severe Convective Storm,17965663,406101,10401708,1257378,USD,2025,Premium
POL000244,PRG0023,Insured C00244,Property Cat,LATAM,NA,2025-01-19,2026-01-19,Flood,3313023,72701,1531534,184908,USD,2025,TIV
POL000245,PRG0001,Insured C00245,Property,EU,NA,2025-01-07,2026-01-07,Wildfire,8426475,132317,4632766,464309,USD,2025,Premium
POL000246,PRG0005,Insured C00246,Casualty,EU,NA,2025-01-20,2026-01-20,Wildfire,6002372,50591,2184226,203762,USD,2025,Premium
POL000247,PRG0009,Insured C00247,Property,APAC,NY,2025-01-03,2026-01-03,Hurricane,29162462,590334,16179846,1142798,USD,2025,Limit
POL000248,PRG0001,Insured C00248,Property,US,IL,2025-01-23,2026-01-23,Earthquake,13009190,138321,5516288,790468,USD,2025,TIV
POL000249,PRG0025,Insured C00249,Property Cat,US,NA,2025-01-04,2026-01-04,Flood,9882953,249692,2633732,271377,USD,2025,TIV
POL000250,PRG0006,Insured C00250,Specialty,EU,CA,2025-01-02,2026-01-02,Severe Convective Storm,5515772,61124,3815096,342717,USD,2025,Premium
POL000251,PRG0021,Insured C00251,Casualty,US,NY,2025-01-30,2026-01-30,Earthquake,18500750,527077,9610200,1029041,USD,2025,TIV
POL000252,PRG0023,Insured C00252,Property Cat,APAC,FL,2025-01-04,2026-01-04,Hurricane,10603859,121316,5611227,313194,USD,2025,Premium
POL000253,PRG0022,Insured C00253,Property,US,WA,2025-01-12,2026-01-12,Severe Convective Storm,15597393,431420,10878441,1150442,USD,2025,Premium
POL000254,PRG0014,Insured C00254,Property Cat,EU,IL,2025-01-22,2026-01-22,Severe Convective Storm,14279986,214981,2962216,270059,USD,2025,TIV
POL000255,PRG0014,Insured C00255,Property Cat,US,IL,2025-01-11,2026-01-11,Wildfire,23038333,233844,9026403,589200,USD,2025,TIV
POL000256,PRG0003,Insured C00256,Specialty,UK,WA,2025-01-20,2026-01-20,Earthquake,18678405,229694,8932608,301201,USD,2025,Premium
POL000257,PRG0004,Insured C00257,Property,US,CA,2025-01-24,2026-01-24,Wildfire,7416728,62291,4398101,657369,USD,2025,Premium
POL000258,PRG0017,Insured C00258,Casualty,EU,CA,2025-01-24,2026-01-24,Wildfire,10101774,268860,2761559,389771,USD,2025,Limit
POL000259,PRG0010,Insured C00259,Property Cat,EU,NA,2025-01-03,2026-01-03,Hurricane,28525208,284790,13425506,1051009,USD,2025,Limit
POL000260,PRG0021,Insured C00260,Property Cat,Canada,NY,2025-01-21,2026-01-21,Earthquake,3278436,51683,2509652,361590,USD,2025,Premium
