treaty_id,program_id,policy_id,counterparty_id,layer,limit_usd,ceded_limit_usd,ceded_premium_usd,cession_pct,treaty_type,broker,placement_status
TR00001,PRG0003,POL000001,CP010,1,3263433.53,989335.23,49907.6,30.32,QS,Aon,Bound
TR00001,PRG0003,POL000001,CP011,2,2356197.04,259503.89,14810.04,11.01,QS,Direct,Bound
TR00002,PRG0014,POL000002,CP002,1,12068282.02,3893083.89,216941.5,32.26,QS,Aon,Bound
TR00002,PRG0014,POL000002,CP003,2,6915091.12,1950972.69,51060.04,28.21,QS,Willis,Quoted
TR00002,PRG0014,POL000002,CP008,3,8483027.36,1641027.31,57137.93,19.34,XoL,Aon,Bound
TR00003,PRG0005,POL000003,CP004,1,3893609.35,1348447.0,58380.91,34.63,XoL,Aon,Bound
TR00003,PRG0005,POL000003,CP006,2,4873330.83,1644869.01,105923.05,33.75,QS,Marsh,Bound
TR00003,PRG0005,POL000003,CP008,3,3286121.05,999259.57,33586.5,30.41,XoL,Marsh,Signed
TR00003,PRG0005,POL000003,CP003,4,4500014.92,809810.65,45174.64,18.0,XoL,Aon,Bound
TR00004,PRG0024,POL000004,CP004,1,3980443.66,1161546.34,54096.17,29.18,XoL,Direct,Bound
TR00004,PRG0024,POL000004,CP006,2,2453218.87,633544.48,14952.86,25.83,QS,Marsh,Bound
TR00004,PRG0024,POL000004,CP003,3,3412933.62,593679.81,15490.58,17.4,QS,Marsh,Bound
TR00004,PRG0024,POL000004,CP014,4,3012596.23,512270.44,23160.41,17.0,XoL,Aon,Bound
TR00005,PRG0025,POL000005,CP012,1,2474042.25,965214.04,29815.14,39.01,XoL,Direct,Bound
TR00005,PRG0025,POL000005,CP013,2,2103545.05,692487.64,22324.6,32.92,QS,Aon,Signed
TR00005,PRG0025,POL000005,CP005,3,2937779.29,908963.19,44337.88,30.94,XoL,Willis,Bound
TR00006,PRG0022,POL000006,CP014,1,2294791.82,546337.29,16076.19,23.81,QS,Aon,Quoted
TR00006,PRG0022,POL000006,CP009,2,2671591.71,249303.68,11285.76,9.33,XoL,Direct,Bound
TR00007,PRG0012,POL000007,CP001,1,5339139.0,2029430.58,67504.46,38.01,XoL,Marsh,Bound
TR00007,PRG0012,POL000007,CP002,2,7374801.45,1939225.99,108298.85,26.3,XoL,Marsh,Bound
TR00007,PRG0012,POL000007,CP010,3,6814121.29,1577582.25,49298.42,23.15,QS,Willis,Signed
TR00008,PRG0026,POL000008,CP002,1,2356383.43,606893.13,32281.61,25.76,QS,Guy Carpenter,Quoted
TR00008,PRG0026,POL000008,CP009,2,2236376.76,205684.08,8351.24,9.2,XoL,Direct,Bound
TR00009,PRG0026,POL000009,CP001,1,6034085.21,2207889.43,72059.25,36.59,QS,Willis,Bound
TR00009,PRG0026,POL000009,CP004,2,4544250.04,1658894.82,82731.71,36.51,XoL,Direct,Bound
TR00009,PRG0026,POL000009,CP007,3,4643567.07,1483873.06,79008.09,31.96,XoL,Aon,Bound
TR00010,PRG0025,POL000010,CP010,1,3047999.38,732242.77,39203.33,24.02,XoL,Willis,Bound
TR00010,PRG0025,POL000010,CP004,2,3203517.15,491707.62,33719.95,15.35,QS,Aon,Bound
TR00010,PRG0025,POL000010,CP003,3,4869125.36,613739.62,26228.13,12.6,XoL,Willis,Quoted
TR00010,PRG0025,POL000010,CP001,4,3401870.85,287320.69,18134.71,8.45,QS,Willis,Bound
TR00011,PRG0010,POL000011,CP006,1,3494700.19,1179096.09,62700.96,33.74,QS,Guy Carpenter,Bound
TR00011,PRG0010,POL000011,CP009,2,4821076.86,1596375.72,87337.01,33.11,QS,Guy Carpenter,Bound
TR00011,PRG0010,POL000011,CP002,3,4340218.07,996349.63,45909.04,22.96,QS,Marsh,Bound
TR00011,PRG0010,POL000011,CP001,4,3835104.65,328698.27,16382.51,8.57,QS,Aon,Bound
TR00012,PRG0004,POL000012,CP003,1,3215248.03,1204787.36,36103.58,37.47,XoL,Aon,Bound
TR00012,PRG0004,POL000012,CP005,2,2714271.76,360917.13,21616.93,13.3,XoL,Guy Carpenter,Bound
TR00012,PRG0004,POL000012,CP008,3,4493544.37,566361.92,34202.39,12.6,XoL,Guy Carpenter,Bound
TR00013,PRG0004,POL000013,CP013,1,3293975.31,1142043.43,73533.54,34.67,QS,Direct,Quoted
TR00013,PRG0004,POL000013,CP006,2,5267431.86,1304221.1,86289.26,24.76,QS,Aon,Bound
TR00013,PRG0004,POL000013,CP007,3,4510207.51,507556.24,34144.62,11.25,XoL,Willis,Bound
TR00014,PRG0021,POL000014,CP007,1,11505041.48,2273439.68,91341.95,19.76,QS,Guy Carpenter,Quoted
TR00014,PRG0021,POL000014,CP002,2,15544426.15,2400407.3,112879.57,15.44,XoL,Direct,Bound
TR00015,PRG0008,POL000015,CP011,1,2103606.89,662984.97,31685.33,31.52,QS,Aon,Bound
TR00015,PRG0008,POL000015,CP008,2,2000000.0,344419.59,16886.42,17.22,XoL,Direct,Bound
TR00016,PRG0010,POL000016,CP011,1,2724248.55,1042648.0,27996.82,38.27,QS,Marsh,Bound
TR00016,PRG0010,POL000016,CP006,2,2583947.66,694627.89,35118.26,26.88,QS,Marsh,Bound
TR00016,PRG0010,POL000016,CP003,3,3196854.35,514957.85,12765.47,16.11,XoL,Aon,Bound
TR00016,PRG0010,POL000016,CP013,4,2427912.45,268079.76,13664.79,11.04,QS,Guy Carpenter,Signed
TR00017,PRG0009,POL000017,CP004,1,3593982.1,1364134.68,79339.0,37.96,QS,Marsh,Bound
TR00017,PRG0009,POL000017,CP009,2,4072536.06,896484.48,60496.01,22.01,XoL,Direct,Bound
TR00017,PRG0009,POL000017,CP012,3,2462039.72,498962.74,28362.61,20.27,XoL,Marsh,Signed
TR00017,PRG0009,POL000017,CP008,4,2785061.6,354512.38,16755.63,12.73,XoL,Direct,Signed
TR00018,PRG0017,POL000018,CP014,1,6418271.56,2565469.88,118024.44,39.97,XoL,Direct,Bound
TR00018,PRG0017,POL000018,CP006,2,4956692.61,1723971.92,44342.07,34.78,QS,Aon,Quoted
TR00018,PRG0017,POL000018,CP002,3,6385879.97,728336.75,15620.28,11.41,XoL,Aon,Bound
TR00019,PRG0022,POL000019,CP012,1,4441269.97,1673890.39,53448.06,37.69,XoL,Willis,Bound
TR00019,PRG0022,POL000019,CP004,2,7345577.08,2557389.62,88499.42,34.82,XoL,Guy Carpenter,Signed
TR00019,PRG0022,POL000019,CP009,3,7807819.94,2553740.27,126754.57,32.71,QS,Aon,Signed
TR00019,PRG0022,POL000019,CP005,4,6838643.56,2074835.23,62988.9,30.34,XoL,Direct,Bound
TR00020,PRG0001,POL000020,CP010,1,4349114.16,1664527.0,112957.56,38.27,XoL,Marsh,Bound
TR00020,PRG0001,POL000020,CP004,2,3832636.66,1015516.52,29017.48,26.5,XoL,Guy Carpenter,Bound
TR00020,PRG0001,POL000020,CP009,3,4145852.89,731451.34,41985.1,17.64,XoL,Aon,Bound
TR00021,PRG0026,POL000021,CP012,1,4107747.87,1081103.94,64322.71,26.32,XoL,Direct,Bound
TR00021,PRG0026,POL000021,CP001,2,3523368.52,919764.81,50051.58,26.1,XoL,Willis,Signed
TR00021,PRG0026,POL000021,CP004,3,4580840.27,697156.79,35154.71,15.22,QS,Guy Carpenter,Signed
TR00022,PRG0025,POL000022,CP001,1,5756121.19,1075943.46,35028.13,18.69,QS,Aon,Signed
TR00022,PRG0025,POL000022,CP002,2,8621840.9,1463951.16,51077.93,16.98,XoL,Willis,Bound
TR00022,PRG0025,POL000022,CP006,3,6560744.31,641520.95,37424.52,9.78,Surplus,Direct,Bound
TR00023,PRG0026,POL000023,CP008,1,3054456.44,757591.51,45126.18,24.8,QS,Direct,Quoted
TR00023,PRG0026,POL000023,CP011,2,2012393.83,295617.54,11212.72,14.69,XoL,Aon,Signed
TR00023,PRG0026,POL000023,CP010,3,2450668.54,326159.96,12646.23,13.31,XoL,Aon,Quoted
TR00023,PRG0026,POL000023,CP002,4,2000000.0,264800.83,7762.4,13.24,XoL,Marsh,Bound
TR00024,PRG0019,POL000024,CP004,1,2470261.91,800683.44,33293.3,32.41,XoL,Direct,Bound
TR00024,PRG0019,POL000024,CP001,2,3104174.47,914070.86,49433.52,29.45,XoL,Direct,Bound
TR00024,PRG0019,POL000024,CP002,3,3232916.76,930199.69,31276.69,28.77,XoL,Marsh,Bound
TR00024,PRG0019,POL000024,CP006,4,2520632.09,248521.0,14089.53,9.86,QS,Aon,Bound
TR00025,PRG0008,POL000025,CP004,1,3256276.3,727537.91,14763.62,22.34,XoL,Willis,Bound
TR00025,PRG0008,POL000025,CP003,2,3950321.44,704781.68,31584.3,17.84,XoL,Direct,Quoted
TR00026,PRG0003,POL000026,CP009,1,3161281.63,993819.44,63814.83,31.44,Surplus,Guy Carpenter,Signed
TR00026,PRG0003,POL000026,CP014,2,3516304.7,776499.88,29898.31,22.08,XoL,Direct,Bound
TR00026,PRG0003,POL000026,CP004,3,3941071.82,459187.29,24696.38,11.65,XoL,Direct,Bound
TR00027,PRG0010,POL000027,CP008,1,8177707.11,2806806.52,61603.62,34.32,XoL,Willis,Signed
TR00027,PRG0010,POL000027,CP014,2,10262914.5,942449.93,51474.98,9.18,QS,Direct,Bound
TR00028,PRG0019,POL000028,CP009,1,9953247.56,3648892.03,155157.99,36.66,XoL,Direct,Bound
TR00028,PRG0019,POL000028,CP003,2,9520933.28,2825165.27,122638.7,29.67,QS,Aon,Bound
TR00028,PRG0019,POL000028,CP002,3,8199976.23,1709152.03,118455.67,20.84,Surplus,Guy Carpenter,Bound
TR00028,PRG0019,POL000028,CP004,4,7109223.16,636093.0,40996.64,8.95,QS,Marsh,Bound
TR00029,PRG0014,POL000029,CP007,1,7369565.66,1065884.54,73384.12,14.46,Surplus,Willis,Bound
TR00029,PRG0014,POL000029,CP011,2,6617404.2,671622.41,53667.56,10.15,Surplus,Marsh,Signed
TR00029,PRG0014,POL000029,CP003,3,7982321.21,683717.82,45111.13,8.57,XoL,Aon,Signed
TR00030,PRG0003,POL000030,CP004,1,19552729.59,6468506.64,529770.88,33.08,QS,Direct,Signed
TR00030,PRG0003,POL000030,CP001,2,16157446.14,3559220.45,172505.36,22.03,QS,Direct,Bound
TR00031,PRG0017,POL000031,CP002,1,9199697.28,2255288.28,56892.04,24.51,XoL,Aon,Bound
TR00031,PRG0017,POL000031,CP005,2,8557728.56,1930946.27,77911.79,22.56,XoL,Aon,Bound
TR00031,PRG0017,POL000031,CP001,3,12546070.72,1991579.77,52039.22,15.87,XoL,Guy Carpenter,Bound
TR00031,PRG0017,POL000031,CP014,4,12046217.71,1216303.46,78573.02,10.1,XoL,Guy Carpenter,Bound
TR00032,PRG0012,POL000032,CP003,1,4997212.55,1537635.17,96234.24,30.77,XoL,Aon,Bound
TR00032,PRG0012,POL000032,CP011,2,6796918.5,1545933.79,58278.47,22.74,QS,Direct,Bound
TR00032,PRG0012,POL000032,CP008,3,7667824.27,982595.52,50531.74,12.81,QS,Direct,Bound
TR00032,PRG0012,POL000032,CP005,4,7912135.6,752916.34,36823.21,9.52,Surplus,Guy Carpenter,Signed
TR00033,PRG0018,POL000033,CP005,1,26601034.53,5652409.94,130708.23,21.25,XoL,Guy Carpenter,Bound
TR00033,PRG0018,POL000033,CP008,2,23934194.85,3571791.39,175043.97,14.92,QS,Willis,Bound
TR00034,PRG0005,POL000034,CP012,1,2059415.9,621512.23,37480.29,30.18,XoL,Aon,Quoted
TR00034,PRG0005,POL000034,CP003,2,2676958.25,337269.89,12338.84,12.6,QS,Marsh,Bound
TR00035,PRG0019,POL000035,CP011,1,16504248.92,4825161.34,100008.33,29.24,QS,Guy Carpenter,Signed
TR00035,PRG0019,POL000035,CP004,2,11782294.75,2053909.2,91256.84,17.43,QS,Guy Carpenter,Bound
TR00036,PRG0014,POL000036,CP008,1,2994042.83,732542.21,37762.23,24.47,XoL,Direct,Bound
TR00036,PRG0014,POL000036,CP010,2,2823872.4,604780.74,23322.13,21.42,XoL,Aon,Signed
TR00036,PRG0014,POL000036,CP009,3,3168874.12,266154.88,9764.57,8.4,QS,Direct,Bound
TR00037,PRG0004,POL000037,CP007,1,12936901.57,4777228.44,328381.59,36.93,QS,Aon,Quoted
TR00037,PRG0004,POL000037,CP011,2,9877825.69,2591732.27,224090.07,26.24,XoL,Willis,Bound
TR00037,PRG0004,POL000037,CP002,3,10078215.65,1143643.97,92153.12,11.35,XoL,Guy Carpenter,Bound
TR00038,PRG0022,POL000038,CP004,1,7611063.76,2754684.0,90845.8,36.19,XoL,Marsh,Bound
TR00038,PRG0022,POL000038,CP005,2,6411613.79,2058906.78,119933.05,32.11,QS,Marsh,Bound
TR00038,PRG0022,POL000038,CP002,3,7478848.06,1181291.22,52798.51,15.8,QS,Direct,Quoted
TR00038,PRG0022,POL000038,CP003,4,11237387.1,1254719.91,82311.74,11.17,XoL,Guy Carpenter,Bound
TR00039,PRG0005,POL000039,CP002,1,8034855.72,1293947.24,56117.35,16.1,QS,Guy Carpenter,Bound
TR00039,PRG0005,POL000039,CP011,2,6284209.62,835169.09,42093.02,13.29,QS,Aon,Quoted
TR00039,PRG0005,POL000039,CP012,3,5171355.14,678998.14,37918.57,13.13,XoL,Guy Carpenter,Signed
TR00040,PRG0023,POL000040,CP009,1,5930071.16,2134019.39,105536.94,35.99,XoL,Aon,Quoted
TR00040,PRG0023,POL000040,CP006,2,8043749.88,2834835.35,189320.55,35.24,XoL,Marsh,Bound
TR00040,PRG0023,POL000040,CP003,3,6296976.51,1934925.27,56243.31,30.73,Surplus,Marsh,Quoted
TR00041,PRG0001,POL000041,CP003,1,2000000.0,322038.15,18251.17,16.1,XoL,Willis,Bound
TR00041,PRG0001,POL000041,CP006,2,2400676.87,215142.58,8880.11,8.96,XoL,Direct,Signed
TR00042,PRG0001,POL000042,CP012,1,4625792.66,1546061.33,93088.76,33.42,Surplus,Marsh,Bound
TR00042,PRG0001,POL000042,CP005,2,2850892.5,796159.62,56321.92,27.93,XoL,Marsh,Bound
TR00042,PRG0001,POL000042,CP007,3,3206612.28,607874.85,33529.95,18.96,Surplus,Guy Carpenter,Signed
TR00042,PRG0001,POL000042,CP009,4,3938768.49,378256.25,22462.85,9.6,XoL,Direct,Bound
TR00043,PRG0008,POL000043,CP003,1,3287711.57,1201974.4,80541.63,36.56,Surplus,Guy Carpenter,Signed
TR00043,PRG0008,POL000043,CP002,2,2404710.31,769213.82,56801.53,31.99,Surplus,Guy Carpenter,Bound
TR00043,PRG0008,POL000043,CP010,3,2313543.65,517961.84,27316.17,22.39,XoL,Willis,Bound
TR00044,PRG0026,POL000044,CP013,1,4912723.81,1745990.53,44603.39,35.54,XoL,Willis,Quoted
TR00044,PRG0026,POL000044,CP008,2,4670842.58,1371881.26,57184.35,29.37,QS,Direct,Bound
TR00044,PRG0026,POL000044,CP001,3,4845965.65,770206.73,34674.03,15.89,XoL,Direct,Bound
TR00044,PRG0026,POL000044,CP004,4,6279069.79,762254.57,15953.3,12.14,XoL,Direct,Bound
TR00045,PRG0012,POL000045,CP006,1,8866255.59,2502986.51,102361.13,28.23,Surplus,Direct,Quoted
TR00045,PRG0012,POL000045,CP003,2,11240900.42,2858060.63,192114.35,25.43,XoL,Marsh,Bound
TR00045,PRG0012,POL000045,CP014,3,10661963.6,2524153.37,93827.85,23.67,QS,Guy Carpenter,Bound
TR00046,PRG0006,POL000046,CP013,1,2007493.61,699683.06,40469.76,34.85,XoL,Direct,Bound
TR00046,PRG0006,POL000046,CP010,2,2030945.37,680779.93,32313.34,33.52,Surplus,Direct,Bound
TR00046,PRG0006,POL000046,CP004,3,2006996.28,376435.41,22956.63,18.76,QS,Willis,Bound
TR00047,PRG0012,POL000047,CP010,1,18495729.08,7394870.13,176056.8,39.98,QS,Direct,Bound
TR00047,PRG0012,POL000047,CP003,2,17900376.47,7114566.24,263175.47,39.75,XoL,Willis,Bound
TR00047,PRG0012,POL000047,CP014,3,21415941.06,6415619.14,341855.0,29.96,QS,Guy Carpenter,Bound
TR00047,PRG0012,POL000047,CP007,4,20999541.92,6065922.54,315765.1,28.89,XoL,Direct,Bound
TR00048,PRG0024,POL000048,CP012,1,13425892.49,1364150.07,100383.2,10.16,QS,Aon,Bound
TR00048,PRG0024,POL000048,CP002,2,16908764.05,1638430.03,153522.64,9.69,XoL,Guy Carpenter,Signed
TR00048,PRG0024,POL000048,CP011,3,11958316.99,958650.42,82828.93,8.02,XoL,Guy Carpenter,Bound
TR00049,PRG0022,POL000049,CP009,1,2397759.94,823377.43,49086.09,34.34,XoL,Willis,Bound
TR00049,PRG0022,POL000049,CP003,2,2389377.27,325942.69,17927.95,13.64,Surplus,Direct,Bound
TR00049,PRG0022,POL000049,CP011,3,2131196.88,290079.09,13414.11,13.61,XoL,Willis,Bound
TR00050,PRG0015,POL000050,CP006,1,11556334.28,3149086.12,167104.55,27.25,QS,Guy Carpenter,Bound
TR00050,PRG0015,POL000050,CP007,2,10163420.29,2394313.43,78030.64,23.56,QS,Willis,Bound
TR00050,PRG0015,POL000050,CP005,3,7089158.78,1516866.93,43217.19,21.4,QS,Willis,Bound
TR00050,PRG0015,POL000050,CP011,4,12337536.02,2014214.9,78147.99,16.33,XoL,Direct,Bound
TR00051,PRG0015,POL000051,CP009,1,4060783.8,603065.1,16310.22,14.85,XoL,Direct,Bound
TR00051,PRG0015,POL000051,CP003,2,3905694.62,571150.23,12685.71,14.62,XoL,Guy Carpenter,Bound
TR00051,PRG0015,POL000051,CP007,3,3516895.58,392943.55,21821.97,11.17,Surplus,Aon,Bound
TR00052,PRG0023,POL000052,CP002,1,4725772.96,1667074.74,102540.24,35.28,XoL,Guy Carpenter,Bound
TR00052,PRG0023,POL000052,CP007,2,5027213.72,1615580.01,98990.42,32.14,XoL,Direct,Bound
TR00053,PRG0011,POL000053,CP004,1,2089812.48,558232.52,24878.55,26.71,XoL,Guy Carpenter,Bound
TR00053,PRG0011,POL000053,CP006,2,2749723.77,502504.87,51432.79,18.27,XoL,Marsh,Bound
TR00053,PRG0011,POL000053,CP014,3,2492726.87,301562.21,22099.86,12.1,XoL,Guy Carpenter,Bound
TR00054,PRG0004,POL000054,CP003,1,6149621.99,1599241.0,95541.91,26.01,QS,Willis,Bound
TR00054,PRG0004,POL000054,CP008,2,6747056.76,1002966.66,67019.24,14.87,XoL,Aon,Bound
TR00055,PRG0025,POL000055,CP005,1,9489924.83,3148072.91,109938.34,33.17,QS,Guy Carpenter,Bound
TR00055,PRG0025,POL000055,CP001,2,9015805.06,2065001.46,82318.43,22.9,XoL,Direct,Quoted
TR00055,PRG0025,POL000055,CP007,3,9384371.09,1743889.62,47964.59,18.58,QS,Direct,Bound
TR00055,PRG0025,POL000055,CP013,4,5939780.55,485585.34,25463.37,8.18,XoL,Marsh,Quoted
TR00056,PRG0024,POL000056,CP014,1,3111501.38,1083018.4,29694.16,34.81,XoL,Willis,Bound
TR00056,PRG0024,POL000056,CP006,2,2802496.11,936931.0,44275.11,33.43,XoL,Marsh,Bound
TR00056,PRG0024,POL000056,CP007,3,2121489.6,375959.61,11305.96,17.72,XoL,Aon,Quoted
TR00056,PRG0024,POL000056,CP011,4,2407491.09,411698.03,32113.43,17.1,XoL,Willis,Signed
TR00057,PRG0007,POL000057,CP006,1,2252647.3,896404.41,50305.83,39.79,XoL,Direct,Signed
TR00057,PRG0007,POL000057,CP007,2,2000000.0,773572.82,17322.6,38.68,QS,Aon,Bound
TR00057,PRG0007,POL000057,CP002,3,3173617.29,970666.85,41445.46,30.59,XoL,Marsh,Bound
TR00057,PRG0007,POL000057,CP005,4,3253128.48,302305.92,9802.62,9.29,XoL,Guy Carpenter,Quoted
TR00058,PRG0025,POL000058,CP002,1,7098624.84,2784699.75,160775.46,39.23,XoL,Direct,Bound
TR00058,PRG0025,POL000058,CP010,2,6060472.02,2094536.32,117203.68,34.56,Surplus,Willis,Bound
TR00059,PRG0023,POL000059,CP012,1,3879524.98,1278529.85,98401.33,32.96,XoL,Aon,Bound
TR00059,PRG0023,POL000059,CP014,2,5127854.48,557505.65,20936.45,10.87,Surplus,Direct,Bound
TR00059,PRG0023,POL000059,CP006,3,2943966.29,308467.46,9075.34,10.48,XoL,Marsh,Quoted
TR00060,PRG0018,POL000060,CP007,1,7277146.46,2446480.28,198034.76,33.62,XoL,Marsh,Quoted
TR00060,PRG0018,POL000060,CP010,2,5564355.8,1545179.6,119384.69,27.77,XoL,Willis,Bound
TR00061,PRG0026,POL000061,CP012,1,2081855.37,790551.89,19204.48,37.97,XoL,Marsh,Bound
TR00061,PRG0026,POL000061,CP006,2,2455001.23,329066.83,19675.76,13.4,XoL,Marsh,Bound
TR00062,PRG0025,POL000062,CP004,1,9673624.78,3811832.57,201602.27,39.4,QS,Direct,Bound
TR00062,PRG0025,POL000062,CP009,2,14107018.7,5176735.83,280833.57,36.7,QS,Guy Carpenter,Bound
TR00062,PRG0025,POL000062,CP008,3,14367350.85,3335805.42,194889.36,23.22,XoL,Marsh,Signed
TR00062,PRG0025,POL000062,CP001,4,13092518.53,3012347.94,148999.54,23.01,XoL,Aon,Signed
TR00063,PRG0026,POL000063,CP002,1,5629192.66,2061973.97,53976.13,36.63,XoL,Guy Carpenter,Bound
TR00063,PRG0026,POL000063,CP003,2,5438020.71,909387.58,45853.0,16.72,QS,Aon,Bound
TR00063,PRG0026,POL000063,CP006,3,4382124.41,505836.34,13099.66,11.54,XoL,Guy Carpenter,Bound
TR00064,PRG0012,POL000064,CP013,1,2774914.54,950625.41,38314.58,34.26,XoL,Guy Carpenter,Bound
TR00064,PRG0012,POL000064,CP003,2,3759162.33,1281210.45,50430.48,34.08,XoL,Marsh,Bound
TR00064,PRG0012,POL000064,CP010,3,3022445.77,965238.73,39932.67,31.94,Surplus,Marsh,Bound
TR00064,PRG0012,POL000064,CP007,4,3981408.42,889593.96,71755.9,22.34,QS,Direct,Signed
TR00065,PRG0011,POL000065,CP010,1,3708286.5,970879.66,59354.43,26.18,XoL,Direct,Signed
TR00065,PRG0011,POL000065,CP006,2,4645137.68,1106381.92,88462.07,23.82,XoL,Guy Carpenter,Bound
TR00065,PRG0011,POL000065,CP002,3,3822861.69,804161.76,57289.59,21.04,QS,Guy Carpenter,Bound
TR00066,PRG0019,POL000066,CP011,1,19725603.39,6843180.4,218307.06,34.69,QS,Guy Carpenter,Quoted
TR00066,PRG0019,POL000066,CP003,2,14050383.95,2935426.94,185899.81,20.89,XoL,Guy Carpenter,Quoted
TR00067,PRG0015,POL000067,CP001,1,3052688.69,1002054.67,40033.53,32.83,Surplus,Aon,Bound
TR00067,PRG0015,POL000067,CP004,2,2578371.96,843106.46,61133.11,32.7,QS,Guy Carpenter,Bound
TR00067,PRG0015,POL000067,CP007,3,2093243.74,420871.28,26886.35,20.11,QS,Willis,Quoted
TR00068,PRG0004,POL000068,CP010,1,8355622.05,2619829.08,62644.1,31.35,XoL,Aon,Bound
TR00068,PRG0004,POL000068,CP006,2,7112713.55,1128646.72,35639.49,15.87,QS,Direct,Signed
TR00069,PRG0010,POL000069,CP008,1,19621461.19,7495701.87,300351.45,38.2,XoL,Willis,Signed
TR00069,PRG0010,POL000069,CP014,2,13526645.79,2822406.27,230490.68,20.87,QS,Guy Carpenter,Bound
TR00069,PRG0010,POL000069,CP004,3,19820415.57,3010733.65,130770.55,15.19,QS,Aon,Signed
TR00070,PRG0010,POL000070,CP013,1,4108430.73,1481241.31,109515.07,36.05,XoL,Aon,Bound
TR00070,PRG0010,POL000070,CP002,2,3597412.74,894987.51,47974.63,24.88,XoL,Direct,Quoted
TR00071,PRG0008,POL000071,CP005,1,9996510.98,3872652.47,178881.73,38.74,XoL,Direct,Bound
TR00071,PRG0008,POL000071,CP010,2,7379467.21,2757819.06,184154.19,37.37,QS,Guy Carpenter,Quoted
TR00071,PRG0008,POL000071,CP003,3,9535834.36,3189491.74,143950.82,33.45,XoL,Willis,Bound
TR00071,PRG0008,POL000071,CP013,4,9288988.95,2888760.63,71997.24,31.1,QS,Marsh,Bound
TR00072,PRG0016,POL000072,CP001,1,2924558.63,1118490.0,33895.29,38.24,QS,Willis,Signed
TR00072,PRG0016,POL000072,CP006,2,2123887.19,439346.44,18123.79,20.69,QS,Guy Carpenter,Bound
TR00072,PRG0016,POL000072,CP005,3,2000000.0,192563.67,11234.28,9.63,QS,Willis,Signed
TR00073,PRG0025,POL000073,CP007,1,2011540.95,732560.53,63039.15,36.42,Surplus,Guy Carpenter,Bound
TR00073,PRG0025,POL000073,CP014,2,2117658.25,719497.17,19493.99,33.98,XoL,Direct,Bound
TR00073,PRG0025,POL000073,CP006,3,2000000.0,530309.95,37504.17,26.52,QS,Willis,Signed
TR00073,PRG0025,POL000073,CP002,4,2757701.29,529093.55,29962.47,19.19,XoL,Guy Carpenter,Bound
TR00074,PRG0002,POL000074,CP003,1,3063105.23,486521.33,22205.71,15.88,QS,Aon,Signed
TR00074,PRG0002,POL000074,CP006,2,2261498.2,292027.48,11514.73,12.91,Surplus,Guy Carpenter,Bound
TR00075,PRG0008,POL000075,CP004,1,2002619.69,559801.97,26725.85,27.95,QS,Willis,Bound
TR00075,PRG0008,POL000075,CP005,2,2470258.26,680080.19,24728.67,27.53,XoL,Guy Carpenter,Bound
TR00076,PRG0006,POL000076,CP009,1,28643317.1,10797115.41,595665.1,37.7,QS,Aon,Bound
TR00076,PRG0006,POL000076,CP004,2,28470270.08,7923566.69,584600.07,27.83,XoL,Direct,Bound
TR00076,PRG0006,POL000076,CP010,3,23379132.56,5604963.56,182924.56,23.97,XoL,Marsh,Signed
TR00076,PRG0006,POL000076,CP012,4,32734649.82,7568837.47,213952.98,23.12,XoL,Direct,Bound
TR00077,PRG0005,POL000077,CP008,1,2550314.47,943242.46,95511.16,36.99,XoL,Guy Carpenter,Bound
TR00077,PRG0005,POL000077,CP005,2,2194307.0,708949.38,64216.07,32.31,XoL,Willis,Signed
TR00077,PRG0005,POL000077,CP003,3,3199400.19,492123.16,24527.15,15.38,XoL,Marsh,Quoted
TR00078,PRG0003,POL000078,CP012,1,5525282.7,1433527.74,65177.94,25.94,XoL,Willis,Bound
TR00078,PRG0003,POL000078,CP014,2,4958903.05,1265167.46,31741.84,25.51,XoL,Direct,Bound
TR00078,PRG0003,POL000078,CP013,3,4625834.15,845010.48,42566.26,18.27,QS,Aon,Bound
TR00079,PRG0007,POL000079,CP003,1,8973094.67,904335.13,18872.51,10.08,QS,Aon,Bound
TR00079,PRG0007,POL000079,CP004,2,8282940.61,808242.69,30482.11,9.76,XoL,Direct,Signed
TR00080,PRG0014,POL000080,CP008,1,2104185.68,538330.56,44432.98,25.58,Surplus,Marsh,Bound
TR00080,PRG0014,POL000080,CP001,2,2515849.36,322060.58,14675.47,12.8,XoL,Willis,Bound
TR00081,PRG0022,POL000081,CP006,1,4369450.91,1482844.43,44424.84,33.94,QS,Guy Carpenter,Bound
TR00081,PRG0022,POL000081,CP008,2,3253799.8,1068962.71,49983.06,32.85,XoL,Direct,Quoted
TR00082,PRG0025,POL000082,CP014,1,10403092.9,4001208.6,313040.08,38.46,QS,Aon,Signed
TR00082,PRG0025,POL000082,CP003,2,8694779.37,2818553.37,153977.44,32.42,QS,Aon,Signed
TR00082,PRG0025,POL000082,CP008,3,6111931.57,512525.78,34154.23,8.39,XoL,Marsh,Bound
TR00083,PRG0012,POL000083,CP001,1,3156423.52,1204560.3,60961.05,38.16,XoL,Willis,Quoted
TR00083,PRG0012,POL000083,CP011,2,2234325.97,703649.2,50193.71,31.49,XoL,Aon,Bound
TR00083,PRG0012,POL000083,CP010,3,2359754.55,539098.04,15892.08,22.85,QS,Guy Carpenter,Bound
TR00083,PRG0012,POL000083,CP002,4,3135179.43,466759.24,27369.6,14.89,XoL,Direct,Bound
TR00084,PRG0005,POL000084,CP002,1,21432187.61,2761769.76,73447.52,12.89,XoL,Marsh,Bound
TR00084,PRG0005,POL000084,CP005,2,19551213.41,2450245.45,85032.62,12.53,QS,Guy Carpenter,Bound
TR00085,PRG0001,POL000085,CP001,1,5368615.88,1821554.28,73964.82,33.93,XoL,Marsh,Bound
TR00085,PRG0001,POL000085,CP007,2,8712333.02,2351676.4,135682.72,26.99,XoL,Willis,Signed
TR00085,PRG0001,POL000085,CP005,3,6524109.35,1629338.75,83914.57,24.97,QS,Direct,Quoted
TR00085,PRG0001,POL000085,CP002,4,5458755.7,1096707.94,41452.83,20.09,XoL,Aon,Bound
TR00086,PRG0018,POL000086,CP003,1,2519697.75,881011.01,52086.98,34.96,XoL,Aon,Bound
TR00086,PRG0018,POL000086,CP013,2,3218124.86,591003.49,18103.84,18.36,XoL,Aon,Bound
TR00087,PRG0017,POL000087,CP013,1,7940706.18,1917319.05,86094.14,24.15,QS,Guy Carpenter,Bound
TR00087,PRG0017,POL000087,CP011,2,8391795.83,1366414.33,44665.55,16.28,XoL,Guy Carpenter,Bound
TR00088,PRG0012,POL000088,CP014,1,4085893.24,1264014.22,54198.43,30.94,XoL,Direct,Bound
TR00088,PRG0012,POL000088,CP008,2,2466277.61,565475.44,22496.88,22.93,XoL,Guy Carpenter,Signed
TR00088,PRG0012,POL000088,CP006,3,2648957.25,518177.49,27089.16,19.56,Surplus,Willis,Signed
TR00088,PRG0012,POL000088,CP003,4,3809131.86,729964.54,43587.87,19.16,XoL,Aon,Bound
TR00089,PRG0001,POL000089,CP007,1,3174690.41,522756.49,13189.02,16.47,XoL,Guy Carpenter,Bound
TR00089,PRG0001,POL000089,CP006,2,3314914.62,520042.69,19408.07,15.69,XoL,Aon,Signed
TR00089,PRG0001,POL000089,CP010,3,4718850.42,540968.17,38678.49,11.46,XoL,Guy Carpenter,Signed
TR00089,PRG0001,POL000089,CP003,4,4231947.96,392129.2,28858.2,9.27,XoL,Direct,Signed
TR00090,PRG0001,POL000090,CP007,1,4789209.88,1563484.61,99468.64,32.65,XoL,Guy Carpenter,Bound
TR00090,PRG0001,POL000090,CP001,2,2976352.38,863122.81,39483.71,29.0,XoL,Marsh,Signed
TR00090,PRG0001,POL000090,CP013,3,3522254.29,386907.97,27402.29,10.98,XoL,Marsh,Bound
TR00090,PRG0001,POL000090,CP004,4,3491187.4,317479.55,14779.7,9.09,XoL,Marsh,Bound
TR00091,PRG0012,POL000091,CP010,1,3398216.68,1324046.38,50645.0,38.96,QS,Guy Carpenter,Quoted
TR00091,PRG0012,POL000091,CP013,2,2588699.97,901394.9,53257.43,34.82,XoL,Marsh,Signed
TR00091,PRG0012,POL000091,CP004,3,2494892.57,313042.3,15253.38,12.55,QS,Aon,Quoted
TR00092,PRG0008,POL000092,CP004,1,2463984.02,763292.84,20037.7,30.98,XoL,Direct,Bound
TR00092,PRG0008,POL000092,CP012,2,3108797.62,833292.04,32744.24,26.8,Surplus,Aon,Bound
TR00093,PRG0022,POL000093,CP014,1,8431871.23,1895350.38,74906.1,22.48,XoL,Aon,Bound
TR00093,PRG0022,POL000093,CP012,2,6184204.99,1318297.72,68741.14,21.32,Surplus,Willis,Signed
TR00093,PRG0022,POL000093,CP009,3,5370320.15,756218.78,30031.19,14.08,XoL,Guy Carpenter,Bound
TR00094,PRG0023,POL000094,CP004,1,7362985.95,2066236.08,85451.73,28.06,QS,Guy Carpenter,Bound
TR00094,PRG0023,POL000094,CP005,2,10320881.91,2107619.32,86157.8,20.42,Surplus,Direct,Bound
TR00094,PRG0023,POL000094,CP008,3,7761848.72,1271443.91,60943.79,16.38,Surplus,Marsh,Bound
TR00095,PRG0005,POL000095,CP007,1,4720578.96,1690891.49,121933.22,35.82,QS,Aon,Bound
TR00095,PRG0005,POL000095,CP001,2,3688736.5,1149034.18,84991.69,31.15,XoL,Aon,Bound
TR00095,PRG0005,POL000095,CP002,3,4958473.8,1394637.03,44693.2,28.13,QS,Direct,Bound
TR00096,PRG0019,POL000096,CP004,1,5683405.5,1565022.56,46993.82,27.54,XoL,Aon,Signed
TR00096,PRG0019,POL000096,CP003,2,8146698.75,1453706.01,94153.65,17.84,XoL,Marsh,Bound
TR00097,PRG0022,POL000097,CP006,1,8766791.16,1780523.99,67528.15,20.31,XoL,Direct,Bound
TR00097,PRG0022,POL000097,CP005,2,7467249.16,1438778.75,58852.15,19.27,XoL,Direct,Bound
TR00097,PRG0022,POL000097,CP007,3,8240153.67,1135707.28,63366.71,13.78,QS,Guy Carpenter,Signed
TR00097,PRG0022,POL000097,CP013,4,7889256.47,829932.84,42405.58,10.52,QS,Guy Carpenter,Bound
TR00098,PRG0023,POL000098,CP005,1,9171526.93,2857833.97,173366.5,31.16,XoL,Aon,Signed
TR00098,PRG0023,POL000098,CP001,2,6379692.96,1098450.37,58517.91,17.22,QS,Marsh,Bound
TR00098,PRG0023,POL000098,CP003,3,9734230.49,985566.01,36709.12,10.12,XoL,Marsh,Signed
TR00099,PRG0004,POL000099,CP009,1,2987346.87,639124.74,29471.73,21.39,XoL,Guy Carpenter,Bound
TR00099,PRG0004,POL000099,CP013,2,2342652.62,462219.28,32487.84,19.73,XoL,Willis,Signed
TR00100,PRG0002,POL000100,CP007,1,3280779.5,1062711.51,23162.02,32.39,QS,Aon,Bound
TR00100,PRG0002,POL000100,CP004,2,2934112.92,279093.14,9591.92,9.51,XoL,Marsh,Quoted
TR00101,PRG0011,POL000101,CP008,1,4299089.59,1571804.24,80921.35,36.56,XoL,Direct,Bound
TR00101,PRG0011,POL000101,CP013,2,6459594.86,2182356.44,105252.18,33.78,XoL,Aon,Bound
TR00101,PRG0011,POL000101,CP005,3,5131923.18,1711633.24,57203.25,33.35,XoL,Aon,Signed
TR00101,PRG0011,POL000101,CP003,4,3852528.57,1236597.9,96295.32,32.1,XoL,Willis,Bound
TR00102,PRG0018,POL000102,CP010,1,10946329.59,2928979.62,170697.6,26.76,QS,Willis,Bound
TR00102,PRG0018,POL000102,CP001,2,11285848.49,2067434.97,123853.2,18.32,XoL,Aon,Bound
TR00103,PRG0020,POL000103,CP011,1,9147844.63,2656048.04,121280.17,29.03,QS,Willis,Bound
TR00103,PRG0020,POL000103,CP009,2,8604659.09,2299691.79,55302.38,26.73,XoL,Marsh,Signed
TR00103,PRG0020,POL000103,CP006,3,8951738.47,2386113.14,56351.22,26.66,QS,Guy Carpenter,Signed
TR00104,PRG0004,POL000104,CP005,1,3080463.05,1098230.28,28246.81,35.65,XoL,Guy Carpenter,Quoted
TR00104,PRG0004,POL000104,CP014,2,4200853.44,1308408.34,38458.84,31.15,XoL,Guy Carpenter,Signed
TR00104,PRG0004,POL000104,CP010,3,3900758.16,960839.32,48906.94,24.63,QS,Aon,Bound
TR00104,PRG0004,POL000104,CP008,4,5319196.59,1052319.87,37973.51,19.78,XoL,Direct,Signed
TR00105,PRG0009,POL000105,CP008,1,3818411.56,1140043.23,60611.56,29.86,XoL,Aon,Quoted
TR00105,PRG0009,POL000105,CP007,2,3794559.02,908994.25,37538.38,23.96,QS,Marsh,Bound
TR00105,PRG0009,POL000105,CP013,3,2342806.74,212822.66,5080.1,9.08,XoL,Direct,Bound
TR00106,PRG0005,POL000106,CP003,1,3291567.81,856667.38,64743.06,26.03,Surplus,Direct,Signed
TR00106,PRG0005,POL000106,CP013,2,3844032.68,508281.6,40357.39,13.22,XoL,Direct,Bound
TR00107,PRG0016,POL000107,CP003,1,10983372.16,2670223.52,135415.46,24.31,XoL,Direct,Bound
TR00107,PRG0016,POL000107,CP011,2,10196189.19,2470545.19,129175.2,24.23,QS,Direct,Bound
TR00108,PRG0026,POL000108,CP013,1,2920097.57,867442.42,35272.79,29.71,QS,Guy Carpenter,Bound
TR00108,PRG0026,POL000108,CP001,2,2000000.0,555308.45,25655.16,27.77,Surplus,Aon,Bound
TR00108,PRG0026,POL000108,CP009,3,2926513.13,263147.18,13965.48,8.99,XoL,Willis,Bound
TR00109,PRG0011,POL000109,CP002,1,2693908.73,599346.6,15966.42,22.25,XoL,Guy Carpenter,Signed
TR00109,PRG0011,POL000109,CP010,2,3674955.59,522876.46,24106.01,14.23,XoL,Guy Carpenter,Quoted
TR00109,PRG0011,POL000109,CP012,3,2262659.91,236576.79,8581.64,10.46,Surplus,Direct,Bound
TR00109,PRG0011,POL000109,CP014,4,3278630.39,266376.02,10194.16,8.12,QS,Aon,Bound
TR00110,PRG0016,POL000110,CP008,1,6574601.09,2391357.16,95722.07,36.37,XoL,Direct,Signed
TR00110,PRG0016,POL000110,CP011,2,7005337.28,2396967.24,195971.57,34.22,XoL,Direct,Bound
TR00110,PRG0016,POL000110,CP004,3,5406905.83,1285265.29,67436.63,23.77,XoL,Guy Carpenter,Bound
TR00111,PRG0002,POL000111,CP006,1,4557085.49,1041788.57,29102.7,22.86,QS,Willis,Bound
TR00111,PRG0002,POL000111,CP013,2,4647172.44,1009132.26,31930.98,21.71,QS,Willis,Signed
TR00111,PRG0002,POL000111,CP011,3,4200355.16,617320.95,33245.03,14.7,Surplus,Marsh,Signed
TR00112,PRG0001,POL000112,CP009,1,9400325.73,2453006.48,87969.99,26.09,XoL,Guy Carpenter,Bound
TR00112,PRG0001,POL000112,CP001,2,9239657.07,1406719.88,78504.2,15.22,XoL,Marsh,Bound
TR00112,PRG0001,POL000112,CP007,3,8357363.83,951916.73,36069.1,11.39,XoL,Marsh,Bound
TR00113,PRG0012,POL000113,CP002,1,5426797.8,1729017.7,93619.44,31.86,XoL,Marsh,Bound
TR00113,PRG0012,POL000113,CP007,2,5260230.16,995451.84,29417.01,18.92,QS,Guy Carpenter,Bound
TR00114,PRG0001,POL000114,CP006,1,12337785.28,4883570.13,286879.37,39.58,XoL,Direct,Bound
TR00114,PRG0001,POL000114,CP013,2,15651739.54,5633879.2,285104.51,36.0,QS,Marsh,Signed
TR00115,PRG0009,POL000115,CP005,1,12591765.83,4923861.32,125952.15,39.1,QS,Guy Carpenter,Bound
TR00115,PRG0009,POL000115,CP003,2,19029810.92,3028063.54,62031.81,15.91,QS,Marsh,Signed
TR00116,PRG0015,POL000116,CP010,1,2004994.98,663867.57,34571.88,33.11,XoL,Guy Carpenter,Bound
TR00116,PRG0015,POL000116,CP005,2,2301140.79,729601.71,28930.68,31.71,XoL,Marsh,Signed
TR00117,PRG0009,POL000117,CP014,1,2340847.67,760166.5,45318.61,32.47,XoL,Marsh,Bound
TR00117,PRG0009,POL000117,CP008,2,2137946.01,290745.49,19234.6,13.6,XoL,Direct,Signed
TR00118,PRG0015,POL000118,CP010,1,5928800.51,2218053.75,114907.95,37.41,QS,Direct,Bound
TR00118,PRG0015,POL000118,CP008,2,5527173.99,1000665.19,62172.91,18.1,QS,Guy Carpenter,Bound
TR00118,PRG0015,POL000118,CP007,3,4738075.96,531455.96,18639.43,11.22,XoL,Aon,Bound
TR00118,PRG0015,POL000118,CP013,4,4288503.95,442511.82,17463.78,10.32,QS,Marsh,Quoted
TR00119,PRG0026,POL000119,CP008,1,22703679.04,8997540.03,560771.44,39.63,Surplus,Marsh,Bound
TR00119,PRG0026,POL000119,CP005,2,22319542.33,7832182.5,278458.01,35.09,QS,Aon,Bound
TR00119,PRG0026,POL000119,CP012,3,15472845.22,4107927.61,345611.73,26.55,XoL,Marsh,Bound
TR00120,PRG0024,POL000120,CP004,1,2497818.71,983746.89,28331.65,39.38,QS,Willis,Bound
TR00120,PRG0024,POL000120,CP007,2,2476822.94,955744.97,36807.61,38.59,QS,Willis,Bound
TR00120,PRG0024,POL000120,CP006,3,2774741.13,878216.34,27065.58,31.65,XoL,Aon,Signed
TR00120,PRG0024,POL000120,CP002,4,2449497.32,238329.67,8944.4,9.73,XoL,Aon,Bound
TR00121,PRG0020,POL000121,CP008,1,4380045.38,1492782.29,69316.94,34.08,XoL,Willis,Bound
TR00121,PRG0020,POL000121,CP003,2,3305032.26,1066109.5,43722.56,32.26,XoL,Aon,Bound
TR00121,PRG0020,POL000121,CP001,3,2710180.74,590878.62,21518.42,21.8,QS,Direct,Bound
TR00121,PRG0020,POL000121,CP002,4,3728863.42,681143.3,26094.2,18.27,XoL,Guy Carpenter,Bound
TR00122,PRG0003,POL000122,CP004,1,5526543.58,1414217.56,40832.61,25.59,XoL,Direct,Bound
TR00122,PRG0003,POL000122,CP014,2,4194092.99,777182.03,20099.38,18.53,Surplus,Willis,Bound
TR00122,PRG0003,POL000122,CP003,3,6911975.84,910985.94,21442.38,13.18,Surplus,Aon,Bound
TR00122,PRG0003,POL000122,CP002,4,5120952.88,563003.93,19906.73,10.99,Surplus,Aon,Quoted
TR00123,PRG0001,POL000123,CP010,1,2579846.28,968259.12,52112.73,37.53,XoL,Aon,Bound
TR00123,PRG0001,POL000123,CP009,2,3928312.87,1199734.25,33668.28,30.54,Surplus,Aon,Bound
TR00123,PRG0001,POL000123,CP005,3,3583650.22,937839.98,26824.96,26.17,QS,Marsh,Bound
TR00124,PRG0013,POL000124,CP014,1,2282376.15,826700.17,23207.27,36.22,XoL,Direct,Bound
TR00124,PRG0013,POL000124,CP009,2,3022313.91,886706.56,28777.56,29.34,XoL,Guy Carpenter,Signed
TR00124,PRG0013,POL000124,CP007,3,3236540.11,747554.29,47763.03,23.1,QS,Aon,Quoted
TR00125,PRG0005,POL000125,CP005,1,3742870.66,1460969.63,69712.1,39.03,XoL,Marsh,Bound
TR00125,PRG0005,POL000125,CP010,2,3485897.04,1298449.31,94904.79,37.25,XoL,Direct,Bound
TR00125,PRG0005,POL000125,CP003,3,3988936.1,1336787.83,121080.84,33.51,XoL,Aon,Bound
TR00125,PRG0005,POL000125,CP006,4,2644710.96,296852.11,12515.32,11.22,XoL,Willis,Signed
TR00126,PRG0020,POL000126,CP010,1,23918195.76,9408409.74,652916.71,39.34,XoL,Direct,Bound
TR00126,PRG0020,POL000126,CP002,2,15449662.96,4474785.46,172541.86,28.96,QS,Direct,Bound
TR00126,PRG0020,POL000126,CP013,3,17428159.16,2565910.92,206945.69,14.72,XoL,Guy Carpenter,Bound
TR00126,PRG0020,POL000126,CP005,4,22894051.18,2550066.36,157639.91,11.14,XoL,Guy Carpenter,Signed
TR00127,PRG0006,POL000127,CP009,1,12472511.83,2011132.02,165188.47,16.12,QS,Aon,Bound
TR00127,PRG0006,POL000127,CP008,2,16008502.91,1610877.67,83310.35,10.06,QS,Marsh,Signed
TR00128,PRG0025,POL000128,CP003,1,5619456.32,2101523.12,91146.11,37.4,QS,Marsh,Bound
TR00128,PRG0025,POL000128,CP013,2,3640260.89,580897.88,25695.0,15.96,XoL,Guy Carpenter,Signed
TR00129,PRG0018,POL000129,CP001,1,2472687.39,776722.16,16039.53,31.41,Surplus,Direct,Signed
TR00129,PRG0018,POL000129,CP005,2,3103637.81,428990.24,24140.26,13.82,XoL,Willis,Bound
TR00130,PRG0008,POL000130,CP013,1,3558379.62,1151153.43,65343.48,32.35,QS,Direct,Signed
TR00130,PRG0008,POL000130,CP012,2,4409401.35,992805.54,38342.15,22.52,XoL,Aon,Bound
TR00130,PRG0008,POL000130,CP004,3,2969409.24,538081.07,14419.29,18.12,Surplus,Aon,Quoted
TR00130,PRG0008,POL000130,CP003,4,3994364.09,581911.55,26557.18,14.57,QS,Guy Carpenter,Bound
TR00131,PRG0021,POL000131,CP001,1,9579876.25,2946502.61,77727.92,30.76,QS,Guy Carpenter,Bound
TR00131,PRG0021,POL000131,CP014,2,7121363.22,2065648.18,68775.93,29.01,XoL,Marsh,Bound
TR00131,PRG0021,POL000131,CP003,3,7282527.35,1634313.14,68101.08,22.44,XoL,Willis,Quoted
TR00132,PRG0003,POL000132,CP006,1,7047441.89,2190613.03,131459.29,31.08,QS,Guy Carpenter,Bound
TR00132,PRG0003,POL000132,CP004,2,4934319.15,462574.86,30977.53,9.37,QS,Willis,Signed
TR00133,PRG0006,POL000133,CP010,1,3997141.33,1085340.25,31805.27,27.15,XoL,Aon,Bound
TR00133,PRG0006,POL000133,CP003,2,5443259.62,436897.12,21187.45,8.03,Surplus,Aon,Signed
TR00134,PRG0004,POL000134,CP008,1,2706201.31,379786.19,22583.47,14.03,QS,Willis,Quoted
TR00134,PRG0004,POL000134,CP001,2,2817017.33,294446.97,6362.19,10.45,QS,Guy Carpenter,Bound
TR00135,PRG0011,POL000135,CP007,1,2000000.0,474568.43,11020.33,23.73,QS,Direct,Bound
TR00135,PRG0011,POL000135,CP009,2,2232477.85,302743.21,8416.62,13.56,XoL,Marsh,Bound
TR00136,PRG0006,POL000136,CP011,1,5371613.54,694964.27,51518.41,12.94,Surplus,Willis,Quoted
TR00136,PRG0006,POL000136,CP009,2,4073708.4,448563.28,10165.93,11.01,XoL,Aon,Bound
TR00137,PRG0003,POL000137,CP010,1,3527509.42,1126434.34,23114.13,31.93,XoL,Guy Carpenter,Bound
TR00137,PRG0003,POL000137,CP014,2,4564498.42,579050.33,29182.43,12.69,QS,Aon,Signed
TR00138,PRG0014,POL000138,CP005,1,8101626.91,1991844.67,115854.31,24.59,XoL,Guy Carpenter,Bound
TR00138,PRG0014,POL000138,CP008,2,12756961.68,1691076.67,71902.27,13.26,Surplus,Guy Carpenter,Bound
TR00138,PRG0014,POL000138,CP006,3,10677472.54,1237299.24,41847.29,11.59,QS,Direct,Bound
TR00138,PRG0014,POL000138,CP003,4,13201447.87,1478274.09,62265.67,11.2,XoL,Marsh,Bound
TR00139,PRG0010,POL000139,CP002,1,3363132.63,877445.66,41981.08,26.09,XoL,Marsh,Bound
TR00139,PRG0010,POL000139,CP011,2,3754207.0,351964.57,9697.03,9.38,QS,Direct,Bound
TR00140,PRG0020,POL000140,CP011,1,9565998.21,3274819.57,169866.41,34.23,XoL,Aon,Bound
TR00140,PRG0020,POL000140,CP004,2,13475728.24,3378024.78,193410.1,25.07,XoL,Marsh,Bound
TR00140,PRG0020,POL000140,CP003,3,14074699.82,3303472.35,184874.77,23.47,XoL,Direct,Signed
TR00140,PRG0020,POL000140,CP008,4,12436858.07,2283713.6,99343.04,18.36,Surplus,Guy Carpenter,Bound
TR00141,PRG0026,POL000141,CP002,1,2619081.1,994753.44,44431.22,37.98,XoL,Aon,Signed
TR00141,PRG0026,POL000141,CP005,2,2000000.0,757368.55,17739.32,37.87,XoL,Aon,Bound
TR00141,PRG0026,POL000141,CP010,3,2861521.37,777984.84,40497.19,27.19,QS,Direct,Bound
TR00141,PRG0026,POL000141,CP011,4,3073158.13,316229.94,12731.08,10.29,XoL,Direct,Bound
TR00142,PRG0004,POL000142,CP007,1,8669272.52,3143483.44,82686.38,36.26,XoL,Marsh,Bound
TR00142,PRG0004,POL000142,CP004,2,8556722.88,2110486.56,91985.54,24.66,QS,Guy Carpenter,Bound
TR00142,PRG0004,POL000142,CP001,3,5643375.01,1065720.14,22965.1,18.88,XoL,Marsh,Bound
TR00142,PRG0004,POL000142,CP012,4,7549371.86,1310180.14,51390.99,17.35,QS,Willis,Bound
TR00143,PRG0020,POL000143,CP005,1,3194782.55,593276.63,27229.28,18.57,XoL,Marsh,Signed
TR00143,PRG0020,POL000143,CP004,2,2085339.99,376829.22,20426.61,18.07,XoL,Marsh,Bound
TR00144,PRG0022,POL000144,CP013,1,30317964.6,11374228.99,555573.42,37.52,Surplus,Marsh,Bound
TR00144,PRG0022,POL000144,CP001,2,23095053.09,8249743.44,653139.94,35.72,QS,Direct,Bound
TR00144,PRG0022,POL000144,CP009,3,22609833.86,3883420.94,282022.06,17.18,QS,Marsh,Quoted
TR00145,PRG0015,POL000145,CP012,1,7174442.69,1735584.94,116320.56,24.19,XoL,Guy Carpenter,Bound
TR00145,PRG0015,POL000145,CP014,2,10038128.68,1611595.51,126222.99,16.05,QS,Guy Carpenter,Bound
TR00146,PRG0023,POL000146,CP005,1,3186434.64,1150656.88,60828.93,36.11,QS,Marsh,Quoted
TR00146,PRG0023,POL000146,CP006,2,2171852.53,233767.56,5385.52,10.76,QS,Guy Carpenter,Bound
TR00147,PRG0004,POL000147,CP008,1,2305006.21,832729.68,55086.46,36.13,XoL,Direct,Bound
TR00147,PRG0004,POL000147,CP009,2,2638863.34,518789.2,11581.94,19.66,Surplus,Direct,Quoted
TR00147,PRG0004,POL000147,CP001,3,3153454.81,293076.47,8643.78,9.29,XoL,Direct,Bound
TR00148,PRG0020,POL000148,CP011,1,7858081.18,3059657.6,153116.22,38.94,XoL,Marsh,Bound
TR00148,PRG0020,POL000148,CP010,2,9715697.93,1742180.37,144622.75,17.93,QS,Marsh,Signed
TR00148,PRG0020,POL000148,CP004,3,9771347.76,1723685.1,101139.46,17.64,QS,Willis,Signed
TR00149,PRG0026,POL000149,CP008,1,8657192.62,2954130.74,105408.4,34.12,QS,Guy Carpenter,Bound
TR00149,PRG0026,POL000149,CP003,2,5307763.93,1642531.23,75219.59,30.95,QS,Marsh,Bound
TR00149,PRG0026,POL000149,CP005,3,8885467.63,2445350.38,115554.81,27.52,XoL,Direct,Signed
TR00149,PRG0026,POL000149,CP007,4,9672375.61,1173487.68,69060.28,12.13,Surplus,Willis,Bound
TR00150,PRG0021,POL000150,CP002,1,5062633.99,1224694.77,32014.91,24.19,QS,Marsh,Bound
TR00150,PRG0021,POL000150,CP008,2,4706337.54,1027601.01,40013.77,21.83,XoL,Willis,Signed
TR00150,PRG0021,POL000150,CP001,3,5525766.31,1115657.25,48739.81,20.19,XoL,Guy Carpenter,Signed
TR00150,PRG0021,POL000150,CP012,4,6747532.51,776572.76,43049.74,11.51,XoL,Guy Carpenter,Bound
TR00151,PRG0025,POL000151,CP013,1,6139415.17,2187954.05,98459.79,35.64,XoL,Direct,Bound
TR00151,PRG0025,POL000151,CP014,2,6121892.92,1573470.72,99210.19,25.7,Surplus,Aon,Quoted
TR00151,PRG0025,POL000151,CP006,3,7185601.22,1365924.54,96141.98,19.01,QS,Guy Carpenter,Signed
TR00152,PRG0011,POL000152,CP013,1,7467254.95,2557038.38,132150.12,34.24,XoL,Willis,Quoted
TR00152,PRG0011,POL000152,CP004,2,7600110.2,2420558.91,86215.13,31.85,XoL,Direct,Bound
TR00152,PRG0011,POL000152,CP002,3,7612151.2,1234205.92,40880.41,16.21,QS,Aon,Bound
TR00152,PRG0011,POL000152,CP003,4,8348311.73,864783.76,47371.37,10.36,QS,Direct,Bound
TR00153,PRG0009,POL000153,CP012,1,2750141.45,436921.22,20204.07,15.89,XoL,Willis,Signed
TR00153,PRG0009,POL000153,CP004,2,3476897.92,499512.53,23867.36,14.37,XoL,Aon,Bound
TR00153,PRG0009,POL000153,CP001,3,4174620.17,525263.05,23569.84,12.58,XoL,Marsh,Signed
TR00153,PRG0009,POL000153,CP002,4,3603985.01,292935.55,12428.12,8.13,QS,Willis,Bound
TR00154,PRG0010,POL000154,CP014,1,3683053.54,1000445.06,22482.48,27.16,QS,Aon,Signed
TR00154,PRG0010,POL000154,CP003,2,3570561.39,760596.31,23626.31,21.3,XoL,Direct,Bound
TR00155,PRG0008,POL000155,CP009,1,7664612.57,2720455.46,104023.06,35.49,XoL,Aon,Bound
TR00155,PRG0008,POL000155,CP011,2,8788930.05,1539341.09,95379.16,17.51,XoL,Direct,Signed
TR00155,PRG0008,POL000155,CP001,3,10215103.09,1624830.93,61019.83,15.91,XoL,Aon,Bound
TR00156,PRG0001,POL000156,CP013,1,7517328.67,1433345.36,97105.82,19.07,QS,Guy Carpenter,Bound
TR00156,PRG0001,POL000156,CP008,2,7317879.44,1279176.41,43613.04,17.48,XoL,Aon,Bound
TR00157,PRG0013,POL000157,CP005,1,4822466.18,1312132.53,65709.0,27.21,XoL,Guy Carpenter,Bound
TR00157,PRG0013,POL000157,CP014,2,3389555.52,371232.41,13810.24,10.95,QS,Guy Carpenter,Bound
TR00157,PRG0013,POL000157,CP013,3,5214789.82,482114.95,10815.38,9.25,XoL,Guy Carpenter,Bound
TR00158,PRG0012,POL000158,CP010,1,5117798.43,1805033.91,103586.07,35.27,XoL,Willis,Bound
TR00158,PRG0012,POL000158,CP011,2,5243672.87,1816184.03,67660.82,34.64,QS,Direct,Quoted
TR00158,PRG0012,POL000158,CP005,3,3704304.8,1190547.05,57604.36,32.14,QS,Direct,Quoted
TR00158,PRG0012,POL000158,CP014,4,4534189.05,1422307.29,61395.5,31.37,XoL,Direct,Bound
TR00159,PRG0005,POL000159,CP013,1,2828945.06,1001669.25,48762.04,35.41,XoL,Direct,Bound
TR00159,PRG0005,POL000159,CP009,2,3070440.82,747474.49,17486.67,24.34,XoL,Marsh,Signed
TR00159,PRG0005,POL000159,CP012,3,3650053.7,512713.27,17305.43,14.05,XoL,Guy Carpenter,Quoted
TR00160,PRG0020,POL000160,CP003,1,2000000.0,319161.84,16469.13,15.96,XoL,Guy Carpenter,Bound
TR00160,PRG0020,POL000160,CP014,2,2745969.79,297347.0,17125.67,10.83,Surplus,Willis,Signed
TR00161,PRG0021,POL000161,CP010,1,3054173.68,1184367.51,67887.0,38.78,XoL,Marsh,Quoted
TR00161,PRG0021,POL000161,CP007,2,3240339.01,1045225.61,26251.15,32.26,XoL,Willis,Bound
TR00161,PRG0021,POL000161,CP005,3,2287155.94,245164.64,5131.7,10.72,XoL,Marsh,Bound
TR00162,PRG0021,POL000162,CP011,1,2067310.28,372041.63,7740.62,18.0,XoL,Willis,Bound
TR00162,PRG0021,POL000162,CP008,2,3203525.46,468104.09,24307.12,14.61,QS,Aon,Bound
TR00162,PRG0021,POL000162,CP007,3,2000000.0,169971.65,6328.96,8.5,XoL,Marsh,Bound
TR00163,PRG0024,POL000163,CP009,1,2000000.0,561761.34,34720.69,28.09,XoL,Guy Carpenter,Quoted
TR00163,PRG0024,POL000163,CP012,2,2736543.37,690348.71,34663.6,25.23,XoL,Marsh,Bound
TR00164,PRG0020,POL000164,CP006,1,8855675.36,2961415.51,135363.38,33.44,QS,Willis,Quoted
TR00164,PRG0020,POL000164,CP010,2,8036154.48,1370593.9,67560.36,17.06,QS,Guy Carpenter,Bound
TR00165,PRG0026,POL000165,CP007,1,18442221.25,6221914.83,337561.37,33.74,XoL,Aon,Bound
TR00165,PRG0026,POL000165,CP006,2,17385533.26,4750365.03,329694.23,27.32,QS,Guy Carpenter,Bound
TR00165,PRG0026,POL000165,CP004,3,18774522.92,2823027.64,114151.09,15.04,XoL,Aon,Quoted
TR00166,PRG0016,POL000166,CP001,1,8855815.71,3300312.41,189515.46,37.27,XoL,Direct,Signed
TR00166,PRG0016,POL000166,CP003,2,9856002.41,3051347.65,106584.68,30.96,QS,Marsh,Bound
TR00166,PRG0016,POL000166,CP005,3,9836045.13,2104397.86,115443.53,21.39,XoL,Aon,Bound
TR00167,PRG0021,POL000167,CP002,1,10586030.55,3600623.52,202966.82,34.01,XoL,Marsh,Signed
TR00167,PRG0021,POL000167,CP010,2,8068967.39,2371616.15,101263.85,29.39,XoL,Marsh,Bound
TR00167,PRG0021,POL000167,CP012,3,8293422.93,1657006.88,64709.2,19.98,XoL,Direct,Bound
TR00168,PRG0003,POL000168,CP008,1,13763269.04,5108648.76,221942.05,37.12,XoL,Aon,Bound
TR00168,PRG0003,POL000168,CP004,2,11633880.1,1447632.13,48796.1,12.44,QS,Marsh,Bound
TR00169,PRG0002,POL000169,CP013,1,2000000.0,724300.43,39858.14,36.22,XoL,Marsh,Quoted
TR00169,PRG0002,POL000169,CP001,2,3216553.83,473230.37,22997.42,14.71,XoL,Marsh,Quoted
TR00169,PRG0002,POL000169,CP003,3,3220374.34,440871.27,10686.76,13.69,XoL,Guy Carpenter,Bound
TR00170,PRG0025,POL000170,CP014,1,4141918.25,991366.55,42777.17,23.93,Surplus,Aon,Bound
TR00170,PRG0025,POL000170,CP010,2,4260280.62,464007.78,12632.87,10.89,XoL,Aon,Bound
TR00171,PRG0005,POL000171,CP002,1,12820070.3,2940423.33,262544.64,22.94,XoL,Aon,Bound
TR00171,PRG0005,POL000171,CP009,2,8414556.45,1675044.45,39204.35,19.91,XoL,Guy Carpenter,Bound
TR00171,PRG0005,POL000171,CP008,3,11214418.97,1687119.01,83336.04,15.04,XoL,Marsh,Bound
TR00171,PRG0005,POL000171,CP005,4,9922139.6,1021852.96,31059.55,10.3,QS,Guy Carpenter,Bound
TR00172,PRG0016,POL000172,CP008,1,4843305.47,1237195.4,29085.86,25.54,QS,Guy Carpenter,Bound
TR00172,PRG0016,POL000172,CP013,2,4439221.11,711140.31,39891.27,16.02,QS,Direct,Bound
TR00173,PRG0012,POL000173,CP008,1,3573966.22,1018294.47,54858.94,28.49,XoL,Direct,Bound
TR00173,PRG0012,POL000173,CP007,2,4613512.05,1175359.73,29867.39,25.48,Surplus,Marsh,Bound
TR00173,PRG0012,POL000173,CP012,3,3404314.18,700172.56,21427.44,20.57,XoL,Willis,Quoted
TR00173,PRG0012,POL000173,CP010,4,4414038.51,528300.12,22128.72,11.97,XoL,Direct,Signed
TR00174,PRG0023,POL000174,CP004,1,3628258.54,1412779.88,37385.02,38.94,QS,Aon,Signed
TR00174,PRG0023,POL000174,CP005,2,2823298.17,948698.72,45355.95,33.6,Surplus,Aon,Bound
TR00175,PRG0011,POL000175,CP013,1,2034361.86,585381.3,22260.73,28.77,XoL,Guy Carpenter,Signed
TR00175,PRG0011,POL000175,CP008,2,2264478.05,597086.13,24842.17,26.37,Surplus,Marsh,Bound
TR00175,PRG0011,POL000175,CP006,3,2000000.0,420222.81,11398.7,21.01,XoL,Direct,Signed
TR00176,PRG0001,POL000176,CP002,1,6409754.48,2369440.62,109824.42,36.97,QS,Guy Carpenter,Quoted
TR00176,PRG0001,POL000176,CP004,2,5554185.72,1664929.75,80715.86,29.98,QS,Direct,Bound
TR00176,PRG0001,POL000176,CP003,3,6523721.56,1819953.8,96657.07,27.9,QS,Marsh,Signed
TR00177,PRG0008,POL000177,CP004,1,20481634.23,4807776.78,441508.68,23.47,Surplus,Aon,Bound
TR00177,PRG0008,POL000177,CP013,2,15989561.13,2906183.35,291431.59,18.18,QS,Marsh,Bound
TR00178,PRG0001,POL000178,CP005,1,2993562.93,1059453.82,37737.11,35.39,XoL,Aon,Bound
TR00178,PRG0001,POL000178,CP007,2,2511624.07,770987.42,23290.26,30.7,XoL,Willis,Bound
TR00179,PRG0021,POL000179,CP014,1,2731294.43,632772.72,21025.02,23.17,XoL,Aon,Bound
TR00179,PRG0021,POL000179,CP006,2,2270205.68,499827.94,44200.47,22.02,XoL,Aon,Bound
TR00180,PRG0020,POL000180,CP007,1,4010768.36,1598749.77,71097.06,39.86,Surplus,Willis,Signed
TR00180,PRG0020,POL000180,CP009,2,4399590.36,1462850.81,36710.89,33.25,QS,Marsh,Quoted
TR00180,PRG0020,POL000180,CP014,3,4584836.26,799683.6,19324.66,17.44,XoL,Aon,Bound
TR00181,PRG0025,POL000181,CP002,1,2578711.18,896058.83,22131.92,34.75,QS,Aon,Bound
TR00181,PRG0025,POL000181,CP006,2,2107575.9,357307.15,18669.03,16.95,XoL,Willis,Signed
TR00182,PRG0022,POL000182,CP013,1,4609961.45,1400352.59,52667.88,30.38,XoL,Direct,Bound
TR00182,PRG0022,POL000182,CP010,2,3603699.47,806483.66,20461.53,22.38,XoL,Aon,Signed
TR00182,PRG0022,POL000182,CP003,3,4702951.89,913039.06,32676.79,19.41,XoL,Direct,Bound
TR00182,PRG0022,POL000182,CP009,4,5039694.48,586192.96,33635.66,11.63,XoL,Guy Carpenter,Signed
TR00183,PRG0025,POL000183,CP007,1,8540941.31,2645657.99,143340.66,30.98,XoL,Aon,Signed
TR00183,PRG0025,POL000183,CP010,2,8989868.23,2182864.11,56739.87,24.28,XoL,Marsh,Signed
TR00183,PRG0025,POL000183,CP009,3,7416277.62,1723624.9,36574.0,23.24,XoL,Direct,Bound
TR00184,PRG0014,POL000184,CP013,1,9461426.63,2833484.74,287713.11,29.95,XoL,Direct,Signed
TR00184,PRG0014,POL000184,CP012,2,6626522.45,1615434.61,59980.93,24.38,XoL,Willis,Bound
TR00184,PRG0014,POL000184,CP010,3,7301387.42,1572230.87,110628.24,21.53,XoL,Direct,Bound
TR00185,PRG0026,POL000185,CP013,1,4530996.97,1536304.05,58062.2,33.91,QS,Marsh,Bound
TR00185,PRG0026,POL000185,CP009,2,4725534.69,1270061.54,61667.11,26.88,Surplus,Guy Carpenter,Bound
TR00185,PRG0026,POL000185,CP012,3,3747063.43,389600.71,16417.99,10.4,XoL,Direct,Bound
TR00186,PRG0025,POL000186,CP007,1,2729516.04,934357.92,53623.07,34.23,QS,Direct,Bound
TR00186,PRG0025,POL000186,CP013,2,3036358.42,245882.95,10335.26,8.1,QS,Aon,Bound
TR00187,PRG0001,POL000187,CP007,1,14667975.65,5584252.04,140826.23,38.07,XoL,Marsh,Signed
TR00187,PRG0001,POL000187,CP014,2,9543267.91,2211155.98,70191.58,23.17,XoL,Willis,Quoted
TR00187,PRG0001,POL000187,CP004,3,14134403.0,1591051.89,110072.87,11.26,QS,Aon,Bound
TR00187,PRG0001,POL000187,CP001,4,13343002.78,1356161.49,40952.28,10.16,QS,Direct,Bound
TR00188,PRG0007,POL000188,CP014,1,6505400.24,2558045.48,66163.66,39.32,XoL,Guy Carpenter,Bound
TR00188,PRG0007,POL000188,CP008,2,6226352.82,1981879.57,52768.18,31.83,QS,Aon,Signed
TR00188,PRG0007,POL000188,CP010,3,5074213.69,1177759.02,65779.49,23.21,XoL,Marsh,Bound
TR00188,PRG0007,POL000188,CP006,4,5182717.24,610533.79,23727.85,11.78,QS,Direct,Bound
TR00189,PRG0011,POL000189,CP014,1,5501671.29,1778660.91,66813.44,32.33,XoL,Willis,Bound
TR00189,PRG0011,POL000189,CP011,2,6979861.57,2017783.5,104763.95,28.91,QS,Aon,Bound
TR00189,PRG0011,POL000189,CP002,3,5886241.33,1448355.23,63469.5,24.61,Surplus,Guy Carpenter,Signed
TR00190,PRG0026,POL000190,CP010,1,2000000.0,656149.28,32414.02,32.81,XoL,Willis,Bound
TR00190,PRG0026,POL000190,CP006,2,2688310.72,675059.96,27890.03,25.11,XoL,Guy Carpenter,Bound
TR00190,PRG0026,POL000190,CP005,3,2262190.44,367032.27,29485.36,16.22,XoL,Marsh,Bound
TR00190,PRG0026,POL000190,CP002,4,3043106.31,257055.06,9225.29,8.45,XoL,Aon,Bound
TR00191,PRG0001,POL000191,CP012,1,2534038.79,574159.3,26841.68,22.66,QS,Direct,Bound
TR00191,PRG0001,POL000191,CP010,2,2790678.36,563805.35,28601.36,20.2,XoL,Marsh,Bound
TR00192,PRG0016,POL000192,CP006,1,6018070.65,1749626.42,70603.75,29.07,XoL,Willis,Bound
TR00192,PRG0016,POL000192,CP010,2,4655589.77,633036.49,36862.79,13.6,XoL,Direct,Quoted
TR00192,PRG0016,POL000192,CP014,3,4555490.97,605744.0,36801.73,13.3,XoL,Direct,Bound
TR00192,PRG0016,POL000192,CP009,4,5424843.63,696650.3,20238.12,12.84,XoL,Marsh,Signed
TR00193,PRG0024,POL000193,CP011,1,5773909.24,1346786.79,113755.52,23.33,XoL,Willis,Bound
TR00193,PRG0024,POL000193,CP013,2,4535675.51,881877.86,46295.74,19.44,QS,Guy Carpenter,Bound
TR00194,PRG0017,POL000194,CP012,1,2000000.0,648439.73,23701.76,32.42,QS,Direct,Signed
TR00194,PRG0017,POL000194,CP014,2,2636830.02,574799.38,28146.59,21.8,QS,Guy Carpenter,Bound
TR00194,PRG0017,POL000194,CP011,3,2955914.0,518861.99,16958.91,17.55,QS,Marsh,Bound
TR00194,PRG0017,POL000194,CP006,4,2000000.0,316970.14,14786.24,15.85,QS,Aon,Bound
TR00195,PRG0005,POL000195,CP003,1,4036836.78,1588915.29,49794.02,39.36,XoL,Willis,Bound
TR00195,PRG0005,POL000195,CP001,2,5294734.48,1653157.4,116679.8,31.22,XoL,Willis,Quoted
TR00195,PRG0005,POL000195,CP013,3,3924927.63,659233.45,29101.41,16.8,XoL,Willis,Signed
TR00195,PRG0005,POL000195,CP006,4,3365923.11,540972.01,30334.97,16.07,XoL,Direct,Bound
TR00196,PRG0023,POL000196,CP012,1,9812127.36,3267364.59,193592.95,33.3,QS,Direct,Bound
TR00196,PRG0023,POL000196,CP006,2,10113109.3,3002876.92,137382.63,29.69,QS,Guy Carpenter,Bound
TR00196,PRG0023,POL000196,CP014,3,9237529.61,2185168.13,61422.61,23.66,XoL,Direct,Bound
TR00196,PRG0023,POL000196,CP005,4,6614382.84,688595.7,22901.7,10.41,XoL,Willis,Quoted
TR00197,PRG0017,POL000197,CP012,1,12803366.65,4536114.38,302329.88,35.43,QS,Marsh,Bound
TR00197,PRG0017,POL000197,CP010,2,8759076.44,1311194.04,44023.75,14.97,XoL,Marsh,Bound
TR00197,PRG0017,POL000197,CP005,3,12599259.67,1436842.35,95530.55,11.4,XoL,Willis,Signed
TR00198,PRG0004,POL000198,CP003,1,4150321.1,1193316.66,77515.11,28.75,XoL,Aon,Bound
TR00198,PRG0004,POL000198,CP004,2,3338222.36,615262.26,39194.17,18.43,XoL,Guy Carpenter,Bound
TR00198,PRG0004,POL000198,CP014,3,5508421.32,918847.11,62647.43,16.68,XoL,Direct,Signed
TR00198,PRG0004,POL000198,CP006,4,3522536.79,341581.66,22277.97,9.7,Surplus,Marsh,Bound
TR00199,PRG0006,POL000199,CP007,1,6986606.79,2514948.61,65246.27,36.0,QS,Aon,Bound
TR00199,PRG0006,POL000199,CP006,2,6179205.69,1035536.81,34684.92,16.76,Surplus,Aon,Signed
TR00199,PRG0006,POL000199,CP002,3,8983932.19,1171555.46,86924.39,13.04,XoL,Marsh,Signed
TR00200,PRG0023,POL000200,CP011,1,10804498.93,3175953.75,241640.57,29.39,XoL,Guy Carpenter,Bound
TR00200,PRG0023,POL000200,CP007,2,8355218.44,1947750.98,70445.47,23.31,XoL,Aon,Bound
TR00200,PRG0023,POL000200,CP001,3,12487378.42,2598221.94,104250.23,20.81,Surplus,Marsh,Bound
TR00200,PRG0023,POL000200,CP009,4,9676111.22,2012480.13,114338.12,20.8,XoL,Marsh,Bound
TR00201,PRG0021,POL000201,CP012,1,3174197.53,868640.08,34309.96,27.37,Surplus,Willis,Bound
TR00201,PRG0021,POL000201,CP011,2,2000000.0,422419.02,13774.28,21.12,XoL,Guy Carpenter,Signed
TR00201,PRG0021,POL000201,CP008,3,2228887.42,404024.28,10262.11,18.13,XoL,Willis,Signed
TR00201,PRG0021,POL000201,CP003,4,2000000.0,325942.27,11434.96,16.3,XoL,Marsh,Quoted
TR00202,PRG0012,POL000202,CP007,1,5876509.65,2222944.35,89251.78,37.83,Surplus,Marsh,Bound
TR00202,PRG0012,POL000202,CP008,2,5085084.01,512927.41,23775.56,10.09,QS,Aon,Signed
TR00203,PRG0011,POL000203,CP004,1,2000000.0,445811.94,22232.83,22.29,QS,Guy Carpenter,Quoted
TR00203,PRG0011,POL000203,CP009,2,3174453.05,260110.23,22839.46,8.19,XoL,Willis,Bound
TR00204,PRG0020,POL000204,CP007,1,5602862.74,2161149.16,58908.99,38.57,XoL,Marsh,Signed
TR00204,PRG0020,POL000204,CP009,2,7237226.06,1214070.32,45496.17,16.78,XoL,Aon,Bound
TR00205,PRG0014,POL000205,CP013,1,2821449.9,748488.77,30170.35,26.53,Surplus,Marsh,Bound
TR00205,PRG0014,POL000205,CP011,2,2154560.3,529163.63,21179.39,24.56,XoL,Marsh,Signed
TR00205,PRG0014,POL000205,CP010,3,2211972.21,485746.64,22633.92,21.96,QS,Guy Carpenter,Bound
TR00206,PRG0003,POL000206,CP002,1,14825356.55,4697366.59,107794.39,31.68,XoL,Aon,Bound
TR00206,PRG0003,POL000206,CP012,2,15208554.78,4537209.36,167873.43,29.83,XoL,Marsh,Bound
TR00206,PRG0003,POL000206,CP006,3,10984050.76,2046417.51,52216.35,18.63,QS,Aon,Signed
TR00206,PRG0003,POL000206,CP014,4,10254149.42,1802664.19,88789.96,17.58,QS,Aon,Bound
TR00207,PRG0021,POL000207,CP008,1,3965974.13,670992.29,44965.87,16.92,QS,Willis,Bound
TR00207,PRG0021,POL000207,CP013,2,3472906.91,303682.58,11445.92,8.74,QS,Marsh,Bound
TR00208,PRG0004,POL000208,CP009,1,10506752.24,3128258.76,81301.47,29.77,QS,Willis,Bound
TR00208,PRG0004,POL000208,CP004,2,13842519.76,2823876.4,151976.27,20.4,XoL,Willis,Bound
TR00208,PRG0004,POL000208,CP014,3,14782433.41,2232268.76,64737.9,15.1,XoL,Marsh,Bound
TR00209,PRG0019,POL000209,CP001,1,20270735.08,6761640.32,434948.97,33.36,QS,Aon,Bound
TR00209,PRG0019,POL000209,CP003,2,13817377.1,3310992.52,105715.18,23.96,XoL,Direct,Bound
TR00209,PRG0019,POL000209,CP007,3,19651600.46,3386317.28,231266.27,17.23,Surplus,Guy Carpenter,Bound
TR00209,PRG0019,POL000209,CP008,4,13273494.98,1825950.67,82265.44,13.76,XoL,Guy Carpenter,Bound
TR00210,PRG0002,POL000210,CP011,1,6427636.9,2134104.13,69506.88,33.2,QS,Willis,Bound
TR00210,PRG0002,POL000210,CP006,2,7225601.29,2034238.62,60248.56,28.15,Surplus,Marsh,Signed
TR00210,PRG0002,POL000210,CP005,3,6301799.08,1010122.19,70622.54,16.03,QS,Guy Carpenter,Signed
TR00211,PRG0008,POL000211,CP014,1,2871960.24,1018900.84,26847.98,35.48,XoL,Marsh,Bound
TR00211,PRG0008,POL000211,CP003,2,2153486.93,420982.78,8575.23,19.55,XoL,Guy Carpenter,Bound
TR00211,PRG0008,POL000211,CP012,3,2731849.77,430964.26,19421.92,15.78,XoL,Guy Carpenter,Signed
TR00212,PRG0021,POL000212,CP006,1,2195084.46,817628.37,26399.62,37.25,XoL,Willis,Bound
TR00212,PRG0021,POL000212,CP007,2,3419210.19,1269937.38,30635.94,37.14,XoL,Direct,Signed
TR00212,PRG0021,POL000212,CP001,3,2509252.64,450252.48,19730.06,17.94,XoL,Aon,Bound
TR00212,PRG0021,POL000212,CP005,4,2505748.5,380019.32,16952.36,15.17,XoL,Willis,Signed
TR00213,PRG0010,POL000213,CP001,1,2152418.32,655631.25,31976.47,30.46,QS,Aon,Bound
TR00213,PRG0010,POL000213,CP002,2,2559817.17,737866.14,39033.9,28.82,XoL,Direct,Signed
TR00213,PRG0010,POL000213,CP013,3,3118670.18,651516.99,39856.4,20.89,QS,Marsh,Bound
TR00214,PRG0016,POL000214,CP002,1,2417536.39,886350.72,49086.63,36.66,QS,Guy Carpenter,Bound
TR00214,PRG0016,POL000214,CP012,2,2636903.03,729884.43,26216.01,27.68,XoL,Direct,Bound
TR00214,PRG0016,POL000214,CP001,3,3531507.46,875582.35,23084.47,24.79,Surplus,Guy Carpenter,Bound
TR00214,PRG0016,POL000214,CP007,4,3058345.13,438611.93,10882.59,14.34,QS,Guy Carpenter,Bound
TR00215,PRG0004,POL000215,CP008,1,2735362.72,1025801.57,35184.51,37.5,XoL,Marsh,Bound
TR00215,PRG0004,POL000215,CP014,2,2315468.89,565311.13,21544.03,24.41,XoL,Direct,Bound
TR00215,PRG0004,POL000215,CP012,3,2531964.25,447287.7,11620.74,17.67,XoL,Willis,Bound
TR00215,PRG0004,POL000215,CP007,4,2672026.96,337670.81,12381.73,12.64,XoL,Direct,Bound
TR00216,PRG0018,POL000216,CP010,1,2346535.61,757547.48,57375.71,32.28,QS,Willis,Signed
TR00216,PRG0018,POL000216,CP013,2,3092737.65,655393.81,33124.61,21.19,XoL,Willis,Signed
TR00216,PRG0018,POL000216,CP006,3,2475809.71,470338.34,14836.8,19.0,XoL,Direct,Bound
TR00217,PRG0026,POL000217,CP008,1,2729305.19,1027434.18,41350.04,37.64,QS,Guy Carpenter,Bound
TR00217,PRG0026,POL000217,CP011,2,3818879.88,1242451.6,52309.59,32.53,XoL,Marsh,Bound
TR00217,PRG0026,POL000217,CP010,3,4607771.1,1255477.6,74152.52,27.25,XoL,Aon,Bound
TR00218,PRG0010,POL000218,CP007,1,4250750.55,415406.55,30089.57,9.77,QS,Guy Carpenter,Quoted
TR00218,PRG0010,POL000218,CP006,2,4559827.69,422985.09,32939.23,9.28,XoL,Direct,Bound
TR00219,PRG0016,POL000219,CP003,1,3285982.11,491406.06,26778.59,14.95,XoL,Direct,Quoted
TR00219,PRG0016,POL000219,CP009,2,3618825.91,362187.47,23792.86,10.01,XoL,Willis,Bound
TR00220,PRG0010,POL000220,CP004,1,2556315.45,361658.7,20278.26,14.15,XoL,Aon,Bound
TR00220,PRG0010,POL000220,CP008,2,2000000.0,271610.7,16461.42,13.58,XoL,Direct,Bound
TR00220,PRG0010,POL000220,CP012,3,2712625.12,259105.25,14070.74,9.55,QS,Direct,Quoted
TR00220,PRG0010,POL000220,CP010,4,2464578.0,200543.94,9493.15,8.14,XoL,Guy Carpenter,Bound
TR00221,PRG0007,POL000221,CP006,1,3202682.68,1209214.66,103603.61,37.76,XoL,Marsh,Bound
TR00221,PRG0007,POL000221,CP014,2,2743402.95,615565.58,22432.1,22.44,XoL,Marsh,Bound
TR00221,PRG0007,POL000221,CP004,3,2887602.78,298629.59,14955.74,10.34,XoL,Aon,Bound
TR00221,PRG0007,POL000221,CP002,4,3182275.52,328880.63,25079.02,10.33,XoL,Guy Carpenter,Signed
TR00222,PRG0009,POL000222,CP003,1,63422997.46,16537234.31,503590.67,26.07,XoL,Willis,Bound
TR00222,PRG0009,POL000222,CP008,2,59022536.84,10260921.53,247468.41,17.38,QS,Marsh,Bound
TR00222,PRG0009,POL000222,CP010,3,61408988.51,7638445.04,398431.61,12.44,QS,Direct,Bound
TR00223,PRG0020,POL000223,CP014,1,3366385.42,1223385.31,33120.08,36.34,QS,Direct,Bound
TR00223,PRG0020,POL000223,CP006,2,4628127.83,1236737.58,97292.8,26.72,QS,Guy Carpenter,Signed
TR00223,PRG0020,POL000223,CP011,3,3814682.44,494217.33,28237.39,12.96,QS,Direct,Bound
TR00224,PRG0012,POL000224,CP003,1,4423035.46,1215026.06,66226.9,27.47,QS,Direct,Bound
TR00224,PRG0012,POL000224,CP014,2,5880174.51,1514404.42,44911.79,25.75,XoL,Aon,Bound
TR00224,PRG0012,POL000224,CP005,3,4865783.63,906361.1,44446.56,18.63,XoL,Aon,Bound
TR00224,PRG0012,POL000224,CP011,4,5899755.73,1051820.33,33428.93,17.83,XoL,Guy Carpenter,Bound
TR00225,PRG0013,POL000225,CP012,1,2712217.23,1013668.41,66476.21,37.37,XoL,Aon,Bound
TR00225,PRG0013,POL000225,CP003,2,3799627.65,798695.06,57896.49,21.02,XoL,Direct,Signed
TR00225,PRG0013,POL000225,CP004,3,3050108.93,564288.22,18542.27,18.5,QS,Willis,Bound
TR00225,PRG0013,POL000225,CP005,4,4278522.14,397089.66,15255.15,9.28,XoL,Direct,Bound
TR00226,PRG0001,POL000226,CP004,1,2776415.89,1033462.89,58054.06,37.22,Surplus,Marsh,Bound
TR00226,PRG0001,POL000226,CP005,2,2345600.97,752962.69,39728.69,32.1,QS,Aon,Bound
TR00226,PRG0001,POL000226,CP010,3,3150278.84,915099.37,50678.14,29.05,Surplus,Marsh,Signed
TR00226,PRG0001,POL000226,CP001,4,3042337.54,441777.56,14414.26,14.52,XoL,Direct,Bound
TR00227,PRG0021,POL000227,CP008,1,4648982.45,1605257.57,125620.72,34.53,XoL,Direct,Bound
TR00227,PRG0021,POL000227,CP010,2,4556089.98,1416512.79,101103.61,31.09,XoL,Direct,Bound
TR00227,PRG0021,POL000227,CP001,3,5352065.38,798784.31,42732.35,14.92,QS,Aon,Bound
TR00228,PRG0012,POL000228,CP009,1,5939416.84,1861366.57,49394.46,31.34,XoL,Direct,Bound
TR00228,PRG0012,POL000228,CP003,2,7544167.35,1937948.23,64432.86,25.69,XoL,Willis,Bound
TR00229,PRG0024,POL000229,CP014,1,2046187.99,677988.2,50261.38,33.13,Surplus,Direct,Quoted
TR00229,PRG0024,POL000229,CP001,2,3055480.8,722980.44,30566.29,23.66,QS,Marsh,Signed
TR00229,PRG0024,POL000229,CP002,3,2191679.96,445205.34,27504.0,20.31,Surplus,Aon,Bound
TR00230,PRG0016,POL000230,CP012,1,2606097.94,897872.66,37436.72,34.45,QS,Willis,Bound
TR00230,PRG0016,POL000230,CP003,2,3197483.79,616004.75,29738.38,19.27,QS,Aon,Bound
TR00230,PRG0016,POL000230,CP010,3,2827972.86,471063.02,13146.63,16.66,QS,Aon,Signed
TR00231,PRG0006,POL000231,CP007,1,5584388.04,1577158.45,105918.67,28.24,QS,Aon,Bound
TR00231,PRG0006,POL000231,CP011,2,7300122.24,809730.71,48647.61,11.09,XoL,Aon,Bound
TR00232,PRG0011,POL000232,CP005,1,5488476.22,1749085.45,83197.62,31.87,XoL,Direct,Bound
TR00232,PRG0011,POL000232,CP001,2,4672677.37,1365525.33,48180.55,29.22,XoL,Aon,Bound
TR00232,PRG0011,POL000232,CP012,3,7924079.44,1678902.82,67619.63,21.19,XoL,Direct,Bound
TR00232,PRG0011,POL000232,CP004,4,4969090.94,894612.98,47776.01,18.0,XoL,Aon,Quoted
TR00233,PRG0001,POL000233,CP014,1,2810282.78,623810.45,28596.71,22.2,XoL,Aon,Quoted
TR00233,PRG0001,POL000233,CP003,2,3015840.92,655690.51,31767.64,21.74,XoL,Guy Carpenter,Signed
TR00233,PRG0001,POL000233,CP007,3,2928247.6,468104.68,20058.92,15.99,XoL,Aon,Quoted
TR00234,PRG0009,POL000234,CP007,1,10925783.53,4270936.42,198207.53,39.09,XoL,Guy Carpenter,Bound
TR00234,PRG0009,POL000234,CP009,2,10874200.14,3033182.97,204303.6,27.89,XoL,Willis,Bound
TR00234,PRG0009,POL000234,CP001,3,12435462.47,2149038.31,84689.28,17.28,XoL,Direct,Bound
TR00235,PRG0014,POL000235,CP012,1,30140265.83,7245557.77,275602.04,24.04,Surplus,Willis,Signed
TR00235,PRG0014,POL000235,CP008,2,28524362.06,3633165.98,218336.83,12.74,XoL,Willis,Signed
TR00235,PRG0014,POL000235,CP003,3,31424086.39,2702477.33,140687.26,8.6,XoL,Willis,Bound
TR00236,PRG0020,POL000236,CP009,1,41398985.5,15437002.77,602041.53,37.29,XoL,Aon,Signed
TR00236,PRG0020,POL000236,CP010,2,49236698.9,13921834.74,583636.51,28.28,QS,Aon,Bound
TR00236,PRG0020,POL000236,CP004,3,38008712.63,8072706.03,390410.15,21.24,XoL,Willis,Bound
TR00237,PRG0008,POL000237,CP006,1,4426629.84,1211964.0,54032.45,27.38,XoL,Willis,Signed
TR00237,PRG0008,POL000237,CP009,2,4732093.27,1049250.95,23460.23,22.17,XoL,Marsh,Bound
TR00237,PRG0008,POL000237,CP013,3,3895640.19,700307.03,15998.64,17.98,XoL,Willis,Bound
TR00237,PRG0008,POL000237,CP008,4,4594307.29,468602.15,10273.79,10.2,QS,Guy Carpenter,Signed
TR00238,PRG0019,POL000238,CP006,1,2074091.52,551148.73,38975.17,26.57,QS,Guy Carpenter,Bound
TR00238,PRG0019,POL000238,CP001,2,2104379.67,461013.55,36965.1,21.91,XoL,Willis,Bound
TR00238,PRG0019,POL000238,CP010,3,2000000.0,212009.4,10046.69,10.6,XoL,Willis,Bound
TR00239,PRG0012,POL000239,CP011,1,65359653.9,23400839.05,1532073.96,35.8,QS,Willis,Bound
TR00239,PRG0012,POL000239,CP005,2,78755853.42,20139839.4,822379.48,25.57,QS,Marsh,Bound
TR00239,PRG0012,POL000239,CP010,3,48369179.58,9467739.49,370667.27,19.57,QS,Marsh,Bound
TR00240,PRG0022,POL000240,CP007,1,3452460.62,597798.43,36312.47,17.32,QS,Aon,Bound
TR00240,PRG0022,POL000240,CP008,2,3218951.48,385131.43,20208.34,11.96,Surplus,Direct,Bound
TR00241,PRG0018,POL000241,CP008,1,7034818.16,2107175.68,126157.17,29.95,XoL,Aon,Signed
TR00241,PRG0018,POL000241,CP013,2,4389646.73,629718.37,14321.31,14.35,QS,Direct,Signed
TR00241,PRG0018,POL000241,CP011,3,6424702.49,728084.32,23955.03,11.33,Surplus,Guy Carpenter,Bound
TR00242,PRG0013,POL000242,CP011,1,5925638.56,2279800.4,105687.77,38.47,QS,Direct,Signed
TR00242,PRG0013,POL000242,CP002,2,5269745.44,1548099.52,40596.79,29.38,Surplus,Direct,Quoted
TR00242,PRG0013,POL000242,CP010,3,3466705.87,957079.45,44860.4,27.61,QS,Aon,Bound
TR00243,PRG0020,POL000243,CP011,1,9263738.15,978308.33,71730.62,10.56,XoL,Guy Carpenter,Bound
TR00243,PRG0020,POL000243,CP002,2,7970936.35,773273.09,36836.06,9.7,QS,Direct,Bound
TR00244,PRG0023,POL000244,CP014,1,2497499.74,995424.42,65130.87,39.86,QS,Direct,Signed
TR00244,PRG0023,POL000244,CP004,2,3017661.12,1201607.13,66097.92,39.82,QS,Aon,Bound
TR00244,PRG0023,POL000244,CP003,3,2957883.2,921844.21,54271.78,31.17,Surplus,Willis,Bound
TR00244,PRG0023,POL000244,CP006,4,2420897.71,261552.17,16235.95,10.8,QS,Marsh,Signed
TR00245,PRG0001,POL000245,CP006,1,4656532.83,1440232.37,46101.73,30.93,XoL,Guy Carpenter,Bound
TR00245,PRG0001,POL000245,CP011,2,4427967.5,1316360.39,70847.57,29.73,QS,Aon,Bound
TR00245,PRG0001,POL000245,CP010,3,3172585.67,785407.51,37282.48,24.76,XoL,Marsh,Signed
TR00245,PRG0001,POL000245,CP008,4,4369593.05,454008.58,14498.75,10.39,XoL,Willis,Bound
TR00246,PRG0005,POL000246,CP002,1,2365490.73,547553.21,18240.64,23.15,XoL,Marsh,Bound
TR00246,PRG0005,POL000246,CP013,2,3133796.53,449701.64,25926.99,14.35,XoL,Aon,Signed
TR00247,PRG0009,POL000247,CP012,1,8530721.94,2923046.76,128805.62,34.26,XoL,Willis,Signed
TR00247,PRG0009,POL000247,CP002,2,11000896.68,2926791.12,97417.37,26.61,QS,Willis,Bound
TR00247,PRG0009,POL000247,CP013,3,8194138.93,2109367.71,95943.19,25.74,XoL,Aon,Bound
TR00247,PRG0009,POL000247,CP011,4,8020716.96,1960182.48,76665.94,24.44,QS,Aon,Signed
TR00248,PRG0001,POL000248,CP014,1,7188651.38,1708023.22,39957.77,23.76,Surplus,Marsh,Bound
TR00248,PRG0001,POL000248,CP005,2,7204798.12,1177135.63,24839.8,16.34,QS,Aon,Signed
TR00248,PRG0001,POL000248,CP003,3,6085115.78,794570.64,17834.28,13.06,QS,Aon,Bound
TR00248,PRG0001,POL000248,CP004,4,7030511.63,656999.94,25356.81,9.34,QS,Willis,Bound
TR00249,PRG0025,POL000249,CP004,1,2691879.33,671040.81,49152.9,24.93,QS,Guy Carpenter,Bound
TR00249,PRG0025,POL000249,CP010,2,2000000.0,334443.9,20365.42,16.72,QS,Aon,Signed
TR00249,PRG0025,POL000249,CP002,3,3025908.33,497837.61,30676.93,16.45,Surplus,Guy Carpenter,Bound
TR00250,PRG0006,POL000250,CP004,1,3046847.58,1058866.02,46349.65,34.75,XoL,Direct,Bound
TR00250,PRG0006,POL000250,CP002,2,2356987.91,683041.21,15219.77,28.98,QS,Guy Carpenter,Bound
TR00250,PRG0006,POL000250,CP003,3,2490338.77,513026.77,19612.82,20.6,XoL,Aon,Bound
TR00251,PRG0021,POL000251,CP009,1,4348426.65,1277471.72,33500.19,29.38,XoL,Guy Carpenter,Bound
TR00251,PRG0021,POL000251,CP012,2,5158429.21,922513.27,46966.85,17.88,XoL,Willis,Signed
TR00252,PRG0023,POL000252,CP014,1,4071628.4,1622669.73,100899.43,39.85,XoL,Willis,Bound
TR00252,PRG0023,POL000252,CP006,2,4983384.9,1943905.81,127428.64,39.01,QS,Guy Carpenter,Bound
TR00253,PRG0022,POL000253,CP007,1,7372540.54,2862620.3,100338.36,38.83,QS,Direct,Signed
TR00253,PRG0022,POL000253,CP005,2,8399738.9,3112460.07,118955.28,37.05,XoL,Marsh,Bound
TR00253,PRG0022,POL000253,CP014,3,5246428.83,1574477.35,62895.2,30.01,QS,Direct,Signed
TR00254,PRG0014,POL000254,CP012,1,2194270.62,615169.78,15981.79,28.04,QS,Willis,Quoted
TR00254,PRG0014,POL000254,CP006,2,3620847.77,301413.93,19371.2,8.32,QS,Direct,Signed
TR00255,PRG0014,POL000255,CP009,1,8633576.94,3437104.25,274825.72,39.81,XoL,Marsh,Bound
TR00255,PRG0014,POL000255,CP013,2,8228625.15,1858971.1,177550.71,22.59,XoL,Aon,Bound
TR00255,PRG0014,POL000255,CP002,3,7076514.16,847919.31,56432.47,11.98,XoL,Aon,Bound
TR00255,PRG0014,POL000255,CP008,4,5546726.14,480362.97,39990.95,8.66,QS,Guy Carpenter,Bound
TR00256,PRG0003,POL000256,CP010,1,4527031.81,1692871.52,46248.5,37.39,QS,Marsh,Bound
TR00256,PRG0003,POL000256,CP013,2,5814340.33,1002487.29,22803.7,17.24,QS,Aon,Bound
TR00256,PRG0003,POL000256,CP005,3,6616739.78,818295.2,19092.11,12.37,XoL,Direct,Bound
TR00256,PRG0003,POL000256,CP014,4,5380529.17,517126.27,17553.88,9.61,QS,Aon,Bound
TR00257,PRG0004,POL000257,CP009,1,4904080.25,980109.05,50960.04,19.99,QS,Aon,Signed
TR00257,PRG0004,POL000257,CP002,2,5744103.75,579148.35,29935.15,10.08,Surplus,Aon,Bound
TR00258,PRG0017,POL000258,CP002,1,3621426.17,1173540.08,23490.37,32.41,XoL,Guy Carpenter,Bound
TR00258,PRG0017,POL000258,CP007,2,2706135.83,572909.15,12977.83,21.17,XoL,Guy Carpenter,Bound
TR00258,PRG0017,POL000258,CP014,3,3045077.86,620421.57,15303.22,20.37,XoL,Willis,Signed
TR00258,PRG0017,POL000258,CP008,4,2568786.84,313854.02,10409.83,12.22,XoL,Direct,Bound
TR00259,PRG0010,POL000259,CP002,1,7761677.78,2541607.98,200915.54,32.75,QS,Willis,Bound
TR00259,PRG0010,POL000259,CP010,2,7541363.3,2172305.73,91286.69,28.81,XoL,Aon,Bound
TR00259,PRG0010,POL000259,CP006,3,10838877.78,3087506.36,194582.14,28.49,XoL,Marsh,Signed
TR00259,PRG0010,POL000259,CP003,4,9419531.72,2598531.57,147147.26,27.59,XoL,Willis,Quoted
TR00260,PRG0021,POL000260,CP008,1,2357253.56,935829.49,38838.62,39.7,XoL,Direct,Bound
TR00260,PRG0021,POL000260,CP006,2,2097631.27,642229.76,43780.69,30.62,XoL,Willis,Bound
TR00260,PRG0021,POL000260,CP014,3,3059681.44,596451.31,17875.7,19.49,XoL,Aon,Bound
